-- Adminer 4.8.1 MySQL 5.7.33 dump

SET NAMES utf8;
SET time_zone = '+00:00';
SET foreign_key_checks = 0;
SET sql_mode = 'NO_AUTO_VALUE_ON_ZERO';

SET NAMES utf8mb4;

DROP TABLE IF EXISTS `dht`;
CREATE TABLE `dht` (
  `id` int(11) NOT NULL AUTO_INCREMENT,
  `log_id` int(11) NOT NULL,
  `temperature` float NOT NULL,
  `humidity` float NOT NULL,
  `sequence` bigint(20) NOT NULL,
  `created_at` timestamp NOT NULL DEFAULT CURRENT_TIMESTAMP,
  PRIMARY KEY (`id`),
  KEY `log_id` (`log_id`),
  CONSTRAINT `dht_ibfk_1` FOREIGN KEY (`log_id`) REFERENCES `node_send_logs` (`id`)
) ENGINE=InnoDB DEFAULT CHARSET=utf8mb4;

INSERT INTO `dht` (`id`, `log_id`, `temperature`, `humidity`, `sequence`, `created_at`) VALUES
(1,	12,	25.99,	57.61,	1,	'2024-12-03 10:22:59'),
(2,	13,	26.65,	57.18,	2,	'2024-12-03 10:23:10'),
(3,	14,	24.15,	56.54,	3,	'2024-12-03 10:23:21'),
(4,	15,	24.2,	56.52,	4,	'2024-12-03 10:23:32'),
(5,	16,	24.39,	64.53,	5,	'2024-12-03 10:23:43'),
(6,	17,	25.92,	55.85,	6,	'2024-12-03 10:23:54'),
(7,	18,	27.43,	60.66,	7,	'2024-12-03 10:24:05'),
(8,	19,	27.96,	60.25,	8,	'2024-12-03 10:24:16'),
(9,	20,	26.69,	62.49,	9,	'2024-12-03 10:24:27'),
(10,	21,	24.49,	58.59,	10,	'2024-12-03 10:24:38'),
(11,	22,	25.57,	60.27,	11,	'2024-12-03 10:24:49'),
(12,	23,	24.06,	56.95,	12,	'2024-12-03 10:25:00'),
(13,	24,	24.86,	56.69,	13,	'2024-12-03 10:25:11'),
(14,	25,	26.25,	60.65,	14,	'2024-12-03 10:25:22'),
(15,	26,	25.38,	57.69,	15,	'2024-12-03 10:25:33'),
(16,	27,	25.06,	64.83,	16,	'2024-12-03 10:25:44'),
(17,	28,	27.11,	62.11,	17,	'2024-12-03 10:25:55'),
(18,	29,	25.86,	58.74,	1,	'2024-12-03 10:30:57'),
(19,	17,	25.38,	57.02,	6,	'2024-12-03 10:32:20'),
(20,	18,	24.16,	63.09,	7,	'2024-12-03 10:32:31'),
(21,	19,	27,	64.21,	8,	'2024-12-03 10:32:42'),
(22,	20,	25.45,	58.14,	9,	'2024-12-03 10:32:53'),
(23,	33,	26.05,	57.84,	10,	'2024-12-03 10:33:04'),
(24,	34,	27.22,	63.41,	11,	'2024-12-03 10:33:15'),
(25,	37,	26.66,	55.92,	14,	'2024-12-03 10:33:48'),
(26,	38,	24.21,	64.27,	15,	'2024-12-03 10:33:59'),
(27,	39,	25.42,	59.93,	16,	'2024-12-03 10:34:10'),
(28,	40,	25.47,	64.26,	17,	'2024-12-03 10:34:21'),
(29,	41,	24.08,	64.73,	18,	'2024-12-03 10:34:32'),
(30,	42,	24.86,	61.37,	19,	'2024-12-03 10:34:43'),
(31,	43,	27.91,	63.24,	20,	'2024-12-03 10:34:54'),
(32,	44,	24.07,	63.04,	21,	'2024-12-03 10:35:05'),
(33,	45,	25.89,	58.9,	1,	'2024-12-03 10:42:15'),
(34,	46,	26.24,	61.1,	2,	'2024-12-03 10:42:26'),
(35,	47,	27.42,	60.54,	3,	'2024-12-03 10:42:37'),
(36,	32,	27.99,	57.07,	4,	'2024-12-03 10:42:48'),
(37,	48,	27.14,	60.37,	5,	'2024-12-03 10:42:59'),
(38,	49,	27.54,	64.48,	6,	'2024-12-03 10:43:10'),
(39,	18,	26.55,	58.61,	7,	'2024-12-03 10:43:21'),
(40,	50,	25.39,	61.11,	9,	'2024-12-03 10:43:43'),
(41,	51,	26.8,	61.07,	10,	'2024-12-03 10:43:54'),
(42,	52,	25.41,	60.9,	11,	'2024-12-03 10:44:05'),
(43,	53,	24.48,	57.09,	12,	'2024-12-03 10:44:16'),
(44,	54,	27.31,	59.36,	13,	'2024-12-03 10:44:27'),
(45,	55,	27.16,	64.71,	14,	'2024-12-03 10:44:38'),
(46,	56,	26.47,	62.47,	15,	'2024-12-03 10:44:49'),
(47,	57,	27.25,	58.62,	16,	'2024-12-03 10:45:00'),
(48,	58,	24.96,	64.22,	17,	'2024-12-03 10:45:11'),
(49,	59,	27.27,	57.77,	18,	'2024-12-03 10:45:22'),
(50,	60,	26.11,	61.4,	19,	'2024-12-03 10:45:33'),
(51,	61,	25.42,	62.78,	20,	'2024-12-03 10:45:44'),
(52,	62,	27.93,	61.14,	21,	'2024-12-03 10:45:55'),
(53,	63,	24.48,	55.26,	22,	'2024-12-03 10:46:06'),
(54,	64,	27.57,	61,	23,	'2024-12-03 10:46:17'),
(55,	65,	24.7,	57.91,	24,	'2024-12-03 10:46:28'),
(56,	66,	26.05,	56.08,	25,	'2024-12-03 10:46:39'),
(57,	67,	24.71,	57.32,	26,	'2024-12-03 10:46:50'),
(58,	68,	24.99,	57.02,	27,	'2024-12-03 10:47:01'),
(59,	69,	26.7,	63.63,	30,	'2024-12-03 10:47:34'),
(60,	70,	25.73,	58.1,	31,	'2024-12-03 10:47:45'),
(61,	71,	25.87,	56.56,	32,	'2024-12-03 10:47:56'),
(62,	72,	27.6,	64.08,	33,	'2024-12-03 10:48:07'),
(63,	73,	24.31,	57.84,	34,	'2024-12-03 10:48:18'),
(64,	128,	25.79,	62.07,	97,	'2024-12-03 10:59:51'),
(65,	129,	27.48,	57.57,	98,	'2024-12-03 11:00:02'),
(66,	130,	27.54,	62.56,	99,	'2024-12-03 11:00:13'),
(67,	131,	27.92,	61.61,	100,	'2024-12-03 11:00:24'),
(68,	132,	24.47,	64.38,	101,	'2024-12-03 11:00:35'),
(69,	133,	27.86,	56.47,	102,	'2024-12-03 11:00:46'),
(70,	134,	26.52,	60.58,	103,	'2024-12-03 11:00:57'),
(71,	135,	24.77,	62.71,	104,	'2024-12-03 11:01:08'),
(72,	136,	25.1,	58.22,	105,	'2024-12-03 11:01:19'),
(73,	137,	27.03,	57.26,	106,	'2024-12-03 11:01:30'),
(74,	138,	25.14,	57.48,	107,	'2024-12-03 11:01:41'),
(75,	139,	25.13,	60,	108,	'2024-12-03 11:01:52'),
(76,	140,	27.03,	57.89,	109,	'2024-12-03 11:02:03'),
(77,	141,	24.51,	55.18,	110,	'2024-12-03 11:02:14'),
(78,	142,	24.15,	64.04,	111,	'2024-12-03 11:02:25'),
(79,	143,	26.16,	61.39,	112,	'2024-12-03 11:02:36'),
(80,	144,	24.17,	63.58,	113,	'2024-12-03 11:02:47'),
(81,	145,	26.39,	59.33,	114,	'2024-12-03 11:02:58'),
(82,	146,	25.78,	64.37,	115,	'2024-12-03 11:03:09'),
(83,	147,	24.89,	64.27,	116,	'2024-12-03 11:03:20'),
(84,	148,	24.36,	55.49,	117,	'2024-12-03 11:03:31'),
(85,	149,	25.31,	55.92,	118,	'2024-12-03 11:03:42'),
(86,	150,	26.61,	55.24,	119,	'2024-12-03 11:03:54'),
(87,	151,	27.82,	60.72,	1,	'2024-12-03 11:38:04'),
(88,	46,	24,	57.08,	2,	'2024-12-03 11:38:15'),
(89,	47,	24,	60.11,	3,	'2024-12-03 11:38:26'),
(90,	152,	26.4,	56.83,	4,	'2024-12-03 11:38:37'),
(91,	153,	24.83,	60.74,	5,	'2024-12-03 11:38:48'),
(92,	18,	25.41,	59.27,	7,	'2024-12-03 11:39:10'),
(93,	157,	24.46,	62.25,	11,	'2024-12-03 11:39:54'),
(94,	158,	25.42,	63.85,	12,	'2024-12-03 11:40:05'),
(95,	159,	27.15,	62.72,	13,	'2024-12-03 11:40:16'),
(96,	160,	25.2,	58.79,	14,	'2024-12-03 11:40:27'),
(97,	161,	26.26,	59.2,	15,	'2024-12-03 11:40:38'),
(98,	162,	24.23,	64.32,	16,	'2024-12-03 11:40:49'),
(99,	163,	25.66,	62.49,	17,	'2024-12-03 11:41:00'),
(100,	59,	27.35,	58.04,	18,	'2024-12-03 11:41:11'),
(101,	165,	25.27,	60.92,	21,	'2024-12-03 11:41:44'),
(102,	166,	26.1,	62.28,	22,	'2024-12-03 11:41:55'),
(103,	167,	27,	56.44,	23,	'2024-12-03 11:42:06'),
(104,	168,	26.1,	61.97,	24,	'2024-12-03 11:42:17'),
(105,	169,	26.39,	59.01,	25,	'2024-12-03 11:42:28'),
(106,	170,	26.5,	61.03,	26,	'2024-12-03 11:42:39'),
(107,	171,	26.21,	63.66,	27,	'2024-12-03 11:42:50'),
(108,	172,	26.34,	57.99,	29,	'2024-12-03 11:43:12'),
(109,	173,	24.68,	59.57,	30,	'2024-12-03 11:43:23'),
(110,	174,	27.53,	63.97,	31,	'2024-12-03 11:43:34'),
(111,	175,	27.56,	58.38,	32,	'2024-12-03 11:43:45'),
(112,	176,	27.27,	64.13,	33,	'2024-12-03 11:43:56'),
(113,	177,	27.88,	61.54,	34,	'2024-12-03 11:44:07'),
(114,	178,	25.24,	57.43,	35,	'2024-12-03 11:44:18'),
(115,	179,	26.79,	56.03,	36,	'2024-12-03 11:44:29'),
(116,	180,	25.96,	60.34,	37,	'2024-12-03 11:44:40'),
(117,	183,	27.61,	56.05,	40,	'2024-12-03 11:45:13'),
(118,	185,	25.44,	64.47,	42,	'2024-12-03 11:45:35'),
(119,	186,	24.64,	56.28,	43,	'2024-12-03 11:45:46'),
(120,	187,	26.86,	56.81,	44,	'2024-12-03 11:45:58'),
(121,	188,	25.82,	55.5,	45,	'2024-12-03 11:46:08'),
(122,	189,	25.95,	58.01,	47,	'2024-12-03 11:46:30'),
(123,	190,	24.76,	56.63,	48,	'2024-12-03 11:46:41'),
(124,	191,	26.45,	64.89,	49,	'2024-12-03 11:46:53'),
(125,	192,	26.04,	61.8,	50,	'2024-12-03 11:47:04'),
(126,	193,	24.86,	59.29,	51,	'2024-12-03 11:47:14'),
(127,	84,	27.4,	55.03,	52,	'2024-12-03 11:47:26'),
(128,	85,	27.98,	64.44,	53,	'2024-12-03 11:47:36'),
(129,	194,	25.76,	58.73,	54,	'2024-12-03 11:47:47'),
(130,	195,	24.17,	57.41,	55,	'2024-12-03 11:47:59'),
(131,	196,	24.98,	62.86,	56,	'2024-12-03 11:48:10'),
(132,	198,	26.83,	63.83,	58,	'2024-12-03 11:48:32'),
(133,	199,	26,	59.93,	59,	'2024-12-03 11:48:43'),
(134,	200,	24.79,	55.22,	60,	'2024-12-03 11:48:54'),
(135,	202,	25.35,	57,	64,	'2024-12-03 11:49:38'),
(136,	204,	24.31,	62.93,	66,	'2024-12-03 11:50:00'),
(137,	205,	25.44,	62.25,	67,	'2024-12-03 11:50:11'),
(138,	100,	26.37,	63.65,	69,	'2024-12-03 11:50:33'),
(139,	104,	24.16,	57.58,	73,	'2024-12-03 11:51:17'),
(140,	210,	25.72,	59.33,	82,	'2024-12-03 11:52:56'),
(141,	211,	24.83,	59.97,	83,	'2024-12-03 11:53:07'),
(142,	212,	26.95,	58.14,	84,	'2024-12-03 11:53:18'),
(143,	120,	24.82,	58.36,	89,	'2024-12-03 11:54:13'),
(144,	121,	24.27,	61.78,	90,	'2024-12-03 11:54:24'),
(145,	214,	27.43,	64.94,	91,	'2024-12-03 11:54:35'),
(146,	216,	25.6,	62.11,	93,	'2024-12-03 11:54:57'),
(147,	125,	26.54,	63.29,	94,	'2024-12-03 11:55:08'),
(148,	217,	26.15,	64.31,	95,	'2024-12-03 11:55:19'),
(149,	128,	24.13,	59.13,	97,	'2024-12-03 11:55:41'),
(150,	129,	26.36,	60.88,	98,	'2024-12-03 11:55:52'),
(151,	218,	25.86,	57.33,	99,	'2024-12-03 11:56:03'),
(152,	220,	24.43,	59.97,	101,	'2024-12-03 11:56:25'),
(153,	221,	27.96,	57.64,	102,	'2024-12-03 11:56:36'),
(154,	222,	25.12,	61.23,	103,	'2024-12-03 11:56:47'),
(155,	223,	24.01,	64.53,	104,	'2024-12-03 11:56:58'),
(156,	224,	24.26,	64.25,	105,	'2024-12-03 11:57:09'),
(157,	225,	27.03,	59.43,	106,	'2024-12-03 11:57:20'),
(158,	226,	26.61,	63.94,	108,	'2024-12-03 11:57:42'),
(159,	140,	24.6,	58.31,	109,	'2024-12-03 11:57:53'),
(160,	228,	24.22,	56.73,	113,	'2024-12-03 11:58:37'),
(161,	231,	25.08,	55.22,	117,	'2024-12-03 11:59:21'),
(162,	149,	25.5,	55.32,	118,	'2024-12-03 11:59:32'),
(163,	232,	26.01,	58.27,	119,	'2024-12-03 11:59:43'),
(164,	233,	24.26,	60.51,	121,	'2024-12-03 12:00:05'),
(165,	234,	24.09,	62.42,	124,	'2024-12-03 12:00:38'),
(166,	235,	24.4,	58.52,	125,	'2024-12-03 12:00:49'),
(167,	237,	26.96,	59.59,	131,	'2024-12-03 12:01:55'),
(168,	238,	26.64,	60.61,	133,	'2024-12-03 12:02:17'),
(169,	239,	27.61,	62.71,	134,	'2024-12-03 12:02:28'),
(170,	240,	25.61,	62.66,	135,	'2024-12-03 12:02:39'),
(171,	241,	24.64,	57.87,	136,	'2024-12-03 12:02:50'),
(172,	242,	27.12,	63.42,	137,	'2024-12-03 12:03:01'),
(173,	243,	27.07,	58.6,	138,	'2024-12-03 12:03:12'),
(174,	244,	24.36,	57.91,	139,	'2024-12-03 12:03:23'),
(175,	245,	25.19,	59.13,	140,	'2024-12-03 12:03:34'),
(176,	247,	26.85,	64.45,	142,	'2024-12-03 12:03:56'),
(177,	249,	27.79,	55.84,	144,	'2024-12-03 12:04:18'),
(178,	250,	27.2,	61.42,	145,	'2024-12-03 12:04:29'),
(179,	251,	24,	58.07,	146,	'2024-12-03 12:04:40'),
(180,	252,	27.35,	63.05,	147,	'2024-12-03 12:04:51'),
(181,	253,	25.71,	60.4,	148,	'2024-12-03 12:05:02'),
(182,	255,	26.85,	55.37,	150,	'2024-12-03 12:05:24'),
(183,	256,	26.67,	55.98,	151,	'2024-12-03 12:05:35'),
(184,	259,	24.94,	56.09,	158,	'2024-12-03 12:06:52'),
(185,	264,	25.04,	60.02,	170,	'2024-12-03 12:09:05'),
(186,	266,	24.78,	56.79,	174,	'2024-12-03 12:09:49'),
(187,	267,	26.71,	61.13,	175,	'2024-12-03 12:09:59'),
(188,	268,	26.73,	55.58,	176,	'2024-12-03 12:10:10'),
(189,	269,	25.1,	62.9,	178,	'2024-12-03 12:10:32'),
(190,	272,	24.13,	57.45,	186,	'2024-12-03 12:12:01'),
(191,	273,	27.22,	57.8,	195,	'2024-12-03 12:13:40'),
(192,	277,	25.46,	56.82,	201,	'2024-12-03 12:14:46'),
(193,	278,	27.93,	58.95,	208,	'2024-12-03 12:16:03'),
(194,	279,	26.02,	62.94,	209,	'2024-12-03 12:16:14'),
(195,	281,	24.29,	56.06,	211,	'2024-12-03 12:16:36'),
(196,	282,	27.94,	56.08,	212,	'2024-12-03 12:16:47'),
(197,	283,	24.04,	55.51,	213,	'2024-12-03 12:16:58'),
(198,	286,	25.14,	58.81,	227,	'2024-12-03 12:19:32'),
(199,	289,	24.05,	62.28,	233,	'2024-12-03 12:20:38'),
(200,	290,	27.02,	56.91,	234,	'2024-12-03 12:20:49'),
(201,	291,	25.34,	56.21,	236,	'2024-12-03 12:21:11'),
(202,	292,	26.26,	63.16,	239,	'2024-12-03 12:21:44'),
(203,	293,	24.16,	62.9,	240,	'2024-12-03 12:21:55'),
(204,	294,	24.61,	64.27,	241,	'2024-12-03 12:22:06'),
(205,	295,	26.12,	60.16,	243,	'2024-12-03 12:22:28'),
(206,	296,	26.62,	64.93,	244,	'2024-12-03 12:22:39'),
(207,	297,	27.88,	64.36,	245,	'2024-12-03 12:22:50'),
(208,	299,	27.74,	61.39,	247,	'2024-12-03 12:23:12'),
(209,	300,	27.1,	58.68,	250,	'2024-12-03 12:23:45'),
(210,	301,	26.78,	63.46,	251,	'2024-12-03 12:23:56'),
(211,	303,	27,	59.05,	259,	'2024-12-03 12:25:24'),
(212,	305,	24.4,	62.81,	267,	'2024-12-03 12:26:52'),
(213,	306,	25.4,	58.56,	268,	'2024-12-03 12:27:03'),
(214,	310,	27.67,	57.06,	281,	'2024-12-03 12:29:26'),
(215,	311,	27.72,	58.64,	282,	'2024-12-03 12:29:37'),
(216,	313,	27.51,	56.67,	286,	'2024-12-03 12:30:21'),
(217,	314,	26.77,	63.36,	287,	'2024-12-03 12:30:32'),
(218,	316,	25.48,	61.55,	291,	'2024-12-03 12:31:16'),
(219,	317,	24.81,	61.53,	294,	'2024-12-03 12:31:49'),
(220,	318,	24.59,	57.91,	295,	'2024-12-03 12:32:00'),
(221,	319,	26.17,	64.57,	296,	'2024-12-03 12:32:11'),
(222,	320,	27.81,	61.12,	300,	'2024-12-03 12:32:55'),
(223,	323,	27.04,	58.14,	304,	'2024-12-03 12:33:39'),
(224,	324,	26.59,	63.03,	305,	'2024-12-03 12:33:50'),
(225,	325,	27.29,	55.08,	306,	'2024-12-03 12:34:01'),
(226,	326,	27.58,	63.09,	307,	'2024-12-03 12:34:12'),
(227,	327,	24.83,	63.91,	308,	'2024-12-03 12:34:23'),
(228,	328,	25.71,	62.97,	309,	'2024-12-03 12:34:34'),
(229,	329,	24.14,	62.82,	310,	'2024-12-03 12:34:45'),
(230,	330,	26.93,	59.2,	311,	'2024-12-03 12:34:56'),
(231,	331,	27.92,	62.81,	312,	'2024-12-03 12:35:07'),
(232,	332,	26.98,	64.75,	313,	'2024-12-03 12:35:18'),
(233,	333,	27.82,	64.11,	314,	'2024-12-03 12:35:29'),
(234,	334,	24.7,	61.43,	315,	'2024-12-03 12:35:40'),
(235,	336,	26.94,	57.77,	317,	'2024-12-03 12:36:02'),
(236,	337,	27.15,	55.81,	319,	'2024-12-03 12:36:24'),
(237,	338,	24.76,	64.21,	322,	'2024-12-03 12:36:57'),
(238,	339,	25.59,	59.03,	323,	'2024-12-03 12:37:08'),
(239,	340,	27.67,	60.98,	324,	'2024-12-03 12:37:19'),
(240,	341,	24.37,	60.79,	325,	'2024-12-03 12:37:30'),
(241,	342,	25.34,	58.86,	327,	'2024-12-03 12:37:52'),
(242,	343,	27.63,	60.55,	328,	'2024-12-03 12:38:03'),
(243,	344,	26.69,	58.42,	330,	'2024-12-03 12:38:25'),
(244,	345,	24.93,	61.83,	331,	'2024-12-03 12:38:37'),
(245,	346,	27.71,	55.43,	335,	'2024-12-03 12:39:21'),
(246,	347,	25.36,	61.61,	337,	'2024-12-03 12:39:43'),
(247,	348,	26.98,	60.97,	338,	'2024-12-03 12:39:54'),
(248,	349,	25.33,	63.04,	339,	'2024-12-03 12:40:05'),
(249,	350,	27.91,	61.58,	340,	'2024-12-03 12:40:16'),
(250,	351,	26.63,	64.74,	341,	'2024-12-03 12:40:27'),
(251,	352,	27.71,	55.92,	342,	'2024-12-03 12:40:38'),
(252,	353,	24.78,	60.96,	343,	'2024-12-03 12:40:49'),
(253,	354,	25.64,	56.07,	344,	'2024-12-03 12:41:00'),
(254,	355,	25.1,	56.98,	345,	'2024-12-03 12:41:11'),
(255,	356,	27,	57.15,	346,	'2024-12-03 12:41:22'),
(256,	358,	25.97,	63.2,	351,	'2024-12-03 12:42:17'),
(257,	360,	26.07,	56.27,	353,	'2024-12-03 12:42:39'),
(258,	362,	25.2,	62.81,	357,	'2024-12-03 12:43:23'),
(259,	363,	27.06,	62.69,	358,	'2024-12-03 12:43:34'),
(260,	366,	26.63,	57.33,	361,	'2024-12-03 12:44:07'),
(261,	368,	27.33,	59.57,	363,	'2024-12-03 12:44:29'),
(262,	370,	25.59,	64.3,	367,	'2024-12-03 12:45:13'),
(263,	371,	25.17,	58.64,	370,	'2024-12-03 12:45:46'),
(264,	372,	27.85,	56.98,	371,	'2024-12-03 12:45:57'),
(265,	373,	24.44,	62.55,	372,	'2024-12-03 12:46:08'),
(266,	374,	24.81,	60.41,	373,	'2024-12-03 12:46:19'),
(267,	375,	24.46,	64.28,	374,	'2024-12-03 12:46:30'),
(268,	377,	25.37,	56.2,	377,	'2024-12-03 12:47:03'),
(269,	379,	25.2,	61.95,	380,	'2024-12-03 12:47:36'),
(270,	381,	26.69,	60.91,	384,	'2024-12-03 12:48:20'),
(271,	382,	24.7,	55.48,	385,	'2024-12-03 12:48:31'),
(272,	383,	25.73,	63.02,	386,	'2024-12-03 12:48:42'),
(273,	385,	24.61,	55.41,	390,	'2024-12-03 12:49:26'),
(274,	386,	24.52,	55.66,	391,	'2024-12-03 12:49:37'),
(275,	387,	25.23,	60.2,	392,	'2024-12-03 12:49:48'),
(276,	388,	25.8,	63.6,	393,	'2024-12-03 12:49:59'),
(277,	389,	27.11,	58.19,	394,	'2024-12-03 12:50:10'),
(278,	390,	24.15,	56.32,	395,	'2024-12-03 12:50:21'),
(279,	391,	26.59,	64.75,	396,	'2024-12-03 12:50:32'),
(280,	392,	27.71,	62.49,	398,	'2024-12-03 12:50:54'),
(281,	393,	24.49,	56.27,	399,	'2024-12-03 12:51:05'),
(282,	394,	27.66,	63.97,	400,	'2024-12-03 12:51:16'),
(283,	395,	24.95,	58.95,	401,	'2024-12-03 12:51:27'),
(284,	396,	27.84,	55.78,	402,	'2024-12-03 12:51:38'),
(285,	397,	24.19,	59.85,	403,	'2024-12-03 12:51:49'),
(286,	398,	25.43,	55.94,	404,	'2024-12-03 12:52:00'),
(287,	399,	26.59,	55.13,	405,	'2024-12-03 12:52:11'),
(288,	400,	27.14,	56.34,	406,	'2024-12-03 12:52:22'),
(289,	403,	26.23,	55.09,	410,	'2024-12-03 12:53:06'),
(290,	404,	25.03,	55.22,	411,	'2024-12-03 12:53:17'),
(291,	405,	25.8,	59.84,	412,	'2024-12-03 12:53:28'),
(292,	406,	26.48,	59.64,	413,	'2024-12-03 12:53:39'),
(293,	407,	25.77,	62.03,	415,	'2024-12-03 12:54:01'),
(294,	408,	27.62,	61.36,	416,	'2024-12-03 12:54:12'),
(295,	409,	25.11,	56.85,	417,	'2024-12-03 12:54:23'),
(296,	410,	27.94,	58.89,	418,	'2024-12-03 12:54:34'),
(297,	411,	26.11,	62.87,	419,	'2024-12-03 12:54:45'),
(298,	412,	27.33,	58.73,	420,	'2024-12-03 12:54:56'),
(299,	413,	24.97,	56.68,	421,	'2024-12-03 12:55:07'),
(300,	414,	27.32,	58.79,	422,	'2024-12-03 12:55:18'),
(301,	415,	26.97,	58.76,	423,	'2024-12-03 12:55:29'),
(302,	416,	25.58,	56.29,	424,	'2024-12-03 12:55:40'),
(303,	417,	27.81,	60.68,	425,	'2024-12-03 12:55:51'),
(304,	418,	27.52,	62.73,	426,	'2024-12-03 12:56:02'),
(305,	419,	24.12,	58.09,	427,	'2024-12-03 12:56:13'),
(306,	420,	25.84,	55.9,	428,	'2024-12-03 12:56:24'),
(307,	421,	27.99,	58.83,	429,	'2024-12-03 12:56:35'),
(308,	422,	27.06,	63.61,	430,	'2024-12-03 12:56:46'),
(309,	423,	27.16,	63.01,	431,	'2024-12-03 12:56:57'),
(310,	424,	27.64,	61.99,	432,	'2024-12-03 12:57:08'),
(311,	426,	27.55,	58.24,	435,	'2024-12-03 12:57:41'),
(312,	427,	25,	63.67,	436,	'2024-12-03 12:57:52'),
(313,	428,	25.75,	58.16,	437,	'2024-12-03 12:58:03'),
(314,	429,	25.17,	64.39,	438,	'2024-12-03 12:58:14'),
(315,	430,	27.02,	62.16,	439,	'2024-12-03 12:58:25'),
(316,	431,	26.18,	59.19,	440,	'2024-12-03 12:58:36'),
(317,	432,	25.53,	55.34,	441,	'2024-12-03 12:58:47'),
(318,	433,	26.5,	55.44,	442,	'2024-12-03 12:58:58'),
(319,	434,	27.92,	56.33,	443,	'2024-12-03 12:59:09'),
(320,	435,	25.36,	63.91,	445,	'2024-12-03 12:59:31'),
(321,	436,	24.07,	58.37,	446,	'2024-12-03 12:59:42'),
(322,	437,	25.75,	55.19,	448,	'2024-12-03 13:00:05'),
(323,	439,	27.73,	57.54,	451,	'2024-12-03 13:00:37'),
(324,	440,	26.86,	56.51,	452,	'2024-12-03 13:00:48'),
(325,	441,	27.34,	57.63,	453,	'2024-12-03 13:00:59'),
(326,	442,	27.67,	57.08,	454,	'2024-12-03 13:01:10'),
(327,	443,	25.49,	64.74,	455,	'2024-12-03 13:01:21'),
(328,	444,	27.55,	63.5,	457,	'2024-12-03 13:01:44'),
(329,	445,	27.1,	64.4,	458,	'2024-12-03 13:01:55'),
(330,	446,	27.94,	56.83,	459,	'2024-12-03 13:02:06'),
(331,	447,	25.18,	56.7,	460,	'2024-12-03 13:02:17'),
(332,	448,	25.06,	62.29,	461,	'2024-12-03 13:02:28'),
(333,	450,	27.47,	57.55,	463,	'2024-12-03 13:02:50'),
(334,	452,	25.45,	57,	467,	'2024-12-03 13:03:34'),
(335,	453,	26.37,	60.7,	468,	'2024-12-03 13:03:45'),
(336,	454,	25.67,	62.45,	469,	'2024-12-03 13:03:56'),
(337,	455,	24.53,	60.73,	470,	'2024-12-03 13:04:07'),
(338,	456,	26.89,	61.18,	471,	'2024-12-03 13:04:18'),
(339,	457,	27.66,	58.47,	472,	'2024-12-03 13:04:29'),
(340,	458,	27.33,	59.27,	473,	'2024-12-03 13:04:40'),
(341,	459,	27.02,	55.84,	474,	'2024-12-03 13:04:51'),
(342,	461,	26.04,	63.87,	476,	'2024-12-03 13:05:13'),
(343,	462,	24.23,	63.05,	477,	'2024-12-03 13:05:24'),
(344,	463,	27.06,	55.47,	485,	'2024-12-03 13:06:52'),
(345,	464,	26.65,	61.76,	486,	'2024-12-03 13:07:03'),
(346,	465,	26.93,	63.55,	487,	'2024-12-03 13:07:14'),
(347,	466,	24.95,	57.71,	488,	'2024-12-03 13:07:25'),
(348,	467,	24.1,	60.74,	489,	'2024-12-03 13:07:36'),
(349,	468,	26.78,	63.59,	490,	'2024-12-03 13:07:47'),
(350,	469,	24.32,	62.01,	491,	'2024-12-03 13:07:58'),
(351,	471,	24.58,	61.47,	494,	'2024-12-03 13:08:31'),
(352,	472,	24.66,	63.07,	495,	'2024-12-03 13:08:42'),
(353,	473,	25.73,	58.86,	496,	'2024-12-03 13:08:53'),
(354,	474,	26.16,	61.76,	497,	'2024-12-03 13:09:04'),
(355,	475,	25.36,	56.23,	498,	'2024-12-03 13:09:15'),
(356,	476,	25.97,	58.86,	499,	'2024-12-03 13:09:26'),
(357,	479,	24.27,	55.78,	503,	'2024-12-03 13:10:10'),
(358,	480,	25.03,	63.72,	504,	'2024-12-03 13:10:21'),
(359,	483,	26.57,	56.52,	508,	'2024-12-03 13:11:05'),
(360,	484,	25.29,	58.38,	511,	'2024-12-03 13:11:38'),
(361,	485,	24.66,	55.35,	512,	'2024-12-03 13:11:49'),
(362,	486,	27.74,	57.57,	513,	'2024-12-03 13:12:00'),
(363,	488,	24.53,	57.31,	517,	'2024-12-03 13:12:44'),
(364,	489,	25.61,	58.36,	518,	'2024-12-03 13:12:55'),
(365,	490,	27.51,	58.89,	519,	'2024-12-03 13:13:06'),
(366,	491,	24.39,	60.81,	520,	'2024-12-03 13:13:17'),
(367,	492,	26.74,	59.44,	521,	'2024-12-03 13:13:29'),
(368,	493,	24.06,	64.94,	522,	'2024-12-03 13:13:39'),
(369,	494,	25.59,	56.63,	525,	'2024-12-03 13:14:12'),
(370,	495,	26.01,	55.09,	526,	'2024-12-03 13:14:23'),
(371,	496,	24.27,	61.78,	527,	'2024-12-03 13:14:34'),
(372,	497,	26.65,	55.61,	528,	'2024-12-03 13:14:45'),
(373,	499,	27.17,	61.89,	530,	'2024-12-03 13:15:07'),
(374,	500,	26.33,	57.66,	531,	'2024-12-03 13:15:18'),
(375,	501,	26.43,	64.17,	532,	'2024-12-03 13:15:29'),
(376,	502,	26.18,	64.93,	533,	'2024-12-03 13:15:40'),
(377,	503,	27.44,	60.93,	534,	'2024-12-03 13:15:51'),
(378,	504,	24.15,	58.41,	535,	'2024-12-03 13:16:02'),
(379,	505,	25.68,	60.28,	536,	'2024-12-03 13:16:13'),
(380,	506,	24.11,	57.55,	537,	'2024-12-03 13:16:24'),
(381,	507,	27.27,	55.97,	538,	'2024-12-03 13:16:35'),
(382,	509,	24.14,	56.27,	540,	'2024-12-03 13:16:57'),
(383,	510,	24.17,	62.22,	541,	'2024-12-03 13:17:08'),
(384,	511,	27.93,	64.59,	543,	'2024-12-03 13:17:30'),
(385,	512,	27.36,	63.4,	545,	'2024-12-03 13:17:52'),
(386,	513,	24.69,	57.87,	546,	'2024-12-03 13:18:03'),
(387,	514,	26.74,	60.88,	548,	'2024-12-03 13:18:25'),
(388,	516,	25.33,	58.92,	554,	'2024-12-03 13:19:31'),
(389,	517,	26.79,	62.68,	555,	'2024-12-03 13:19:42'),
(390,	518,	24.12,	64.74,	556,	'2024-12-03 13:19:53'),
(391,	519,	24.84,	59.4,	557,	'2024-12-03 13:20:04'),
(392,	521,	26.53,	55.83,	559,	'2024-12-03 13:20:26'),
(393,	523,	26.68,	64.47,	561,	'2024-12-03 13:20:48'),
(394,	524,	26.87,	61.99,	562,	'2024-12-03 13:20:59'),
(395,	525,	26.33,	63.97,	563,	'2024-12-03 13:21:10'),
(396,	528,	25.79,	61.24,	568,	'2024-12-03 13:22:05'),
(397,	531,	26.06,	60.31,	572,	'2024-12-03 13:22:50'),
(398,	532,	24.38,	59.66,	573,	'2024-12-03 13:23:00'),
(399,	533,	27.68,	63.61,	574,	'2024-12-03 13:23:11'),
(400,	534,	26.83,	60.05,	575,	'2024-12-03 13:23:22'),
(401,	535,	25.84,	64.12,	576,	'2024-12-03 13:23:33'),
(402,	536,	24.89,	64.18,	577,	'2024-12-03 13:23:44'),
(403,	537,	25.94,	63.45,	578,	'2024-12-03 13:23:56'),
(404,	538,	27.69,	58.15,	579,	'2024-12-03 13:24:07'),
(405,	539,	27.06,	64.46,	580,	'2024-12-03 13:24:17'),
(406,	540,	26.68,	60.78,	581,	'2024-12-03 13:24:28'),
(407,	544,	24.36,	57.51,	590,	'2024-12-03 13:26:08'),
(408,	545,	24.34,	64.63,	591,	'2024-12-03 13:26:19'),
(409,	546,	25.49,	63.53,	593,	'2024-12-03 13:26:41'),
(410,	547,	27.05,	55.32,	594,	'2024-12-03 13:26:52'),
(411,	548,	27.83,	60.03,	595,	'2024-12-03 13:27:03'),
(412,	549,	25.95,	55.14,	598,	'2024-12-03 13:27:36'),
(413,	550,	27.88,	55.04,	599,	'2024-12-03 13:27:47'),
(414,	551,	26.49,	56.32,	600,	'2024-12-03 13:27:58'),
(415,	552,	27.51,	61.58,	601,	'2024-12-03 13:28:09'),
(416,	553,	27.77,	59.22,	602,	'2024-12-03 13:28:20'),
(417,	554,	27.88,	55.1,	603,	'2024-12-03 13:28:31'),
(418,	557,	24.85,	60.24,	608,	'2024-12-03 13:29:26'),
(419,	558,	26.02,	59.25,	609,	'2024-12-03 13:29:37'),
(420,	559,	25.4,	63.31,	610,	'2024-12-03 13:29:48'),
(421,	560,	27.51,	63.8,	611,	'2024-12-03 13:29:59'),
(422,	561,	26.63,	63.44,	612,	'2024-12-03 13:30:10'),
(423,	562,	27.35,	56.28,	613,	'2024-12-03 13:30:21'),
(424,	565,	25.41,	58.7,	616,	'2024-12-03 13:30:54'),
(425,	566,	25.01,	56.01,	618,	'2024-12-03 13:31:16'),
(426,	568,	24.29,	56.21,	622,	'2024-12-03 13:32:00'),
(427,	571,	26.87,	58.63,	625,	'2024-12-03 13:32:33'),
(428,	572,	26.58,	61.72,	628,	'2024-12-03 13:33:06'),
(429,	574,	25.37,	57.56,	631,	'2024-12-03 13:33:39'),
(430,	575,	27.48,	57.93,	632,	'2024-12-03 13:33:50'),
(431,	576,	27.42,	56.77,	633,	'2024-12-03 13:34:01'),
(432,	577,	25.96,	60.11,	634,	'2024-12-03 13:34:12'),
(433,	580,	27.24,	55.79,	641,	'2024-12-03 13:35:29'),
(434,	581,	24.35,	62.05,	642,	'2024-12-03 13:35:40'),
(435,	583,	24.24,	64.15,	645,	'2024-12-03 13:36:13'),
(436,	584,	25.75,	55.22,	646,	'2024-12-03 13:36:24'),
(437,	585,	26.92,	64.8,	647,	'2024-12-03 13:36:35'),
(438,	586,	26.06,	58.72,	648,	'2024-12-03 13:36:46'),
(439,	587,	24.47,	61.47,	650,	'2024-12-03 13:37:08'),
(440,	588,	27.09,	57.67,	651,	'2024-12-03 13:37:19'),
(441,	590,	25.43,	62.94,	654,	'2024-12-03 13:37:52'),
(442,	591,	27.67,	60.75,	655,	'2024-12-03 13:38:03'),
(443,	592,	24.42,	57.06,	656,	'2024-12-03 13:38:14'),
(444,	593,	24.44,	56,	657,	'2024-12-03 13:38:25'),
(445,	594,	27.7,	63.71,	658,	'2024-12-03 13:38:36'),
(446,	595,	24.85,	56.12,	659,	'2024-12-03 13:38:47'),
(447,	597,	27.11,	60.21,	663,	'2024-12-03 13:39:31'),
(448,	601,	25.6,	56.14,	672,	'2024-12-03 13:41:10'),
(449,	602,	24.2,	61.43,	673,	'2024-12-03 13:41:21'),
(450,	603,	27.62,	64.78,	676,	'2024-12-03 13:41:54'),
(451,	604,	27.8,	59.41,	677,	'2024-12-03 13:42:05'),
(452,	605,	25.99,	56.6,	678,	'2024-12-03 13:42:16'),
(453,	606,	26.75,	62,	679,	'2024-12-03 13:42:27'),
(454,	607,	26.46,	56.42,	680,	'2024-12-03 13:42:38'),
(455,	608,	25.96,	59.55,	681,	'2024-12-03 13:42:49'),
(456,	609,	25.7,	63.38,	682,	'2024-12-03 13:43:00'),
(457,	610,	25.28,	58.25,	683,	'2024-12-03 13:43:11'),
(458,	611,	25.24,	56.08,	687,	'2024-12-03 13:43:55'),
(459,	612,	25.7,	55.95,	688,	'2024-12-03 13:44:06'),
(460,	613,	26.16,	57.2,	689,	'2024-12-03 13:44:17'),
(461,	615,	27.65,	55.66,	691,	'2024-12-03 13:44:39'),
(462,	616,	24.9,	59.14,	692,	'2024-12-03 13:44:50'),
(463,	617,	26.8,	58.06,	693,	'2024-12-03 13:45:01'),
(464,	618,	26.27,	56.64,	694,	'2024-12-03 13:45:12'),
(465,	619,	24.06,	64.73,	695,	'2024-12-03 13:45:23'),
(466,	620,	27.82,	62.59,	696,	'2024-12-03 13:45:34'),
(467,	621,	24.23,	55.96,	697,	'2024-12-03 13:45:45'),
(468,	622,	25.17,	55.03,	698,	'2024-12-03 13:45:56'),
(469,	623,	25.91,	59.16,	699,	'2024-12-03 13:46:07'),
(470,	624,	27.98,	59.67,	700,	'2024-12-03 13:46:18'),
(471,	625,	24.05,	58.46,	701,	'2024-12-03 13:46:29'),
(472,	626,	25.92,	57.68,	702,	'2024-12-03 13:46:40'),
(473,	628,	26.59,	62.02,	704,	'2024-12-03 13:47:02'),
(474,	629,	25.13,	60.37,	705,	'2024-12-03 13:47:13'),
(475,	630,	27.19,	63.34,	706,	'2024-12-03 13:47:24'),
(476,	631,	27.28,	59.57,	707,	'2024-12-03 13:47:35'),
(477,	632,	26.33,	63.29,	709,	'2024-12-03 13:47:57'),
(478,	633,	24.33,	56.42,	710,	'2024-12-03 13:48:08'),
(479,	634,	25.53,	61.06,	711,	'2024-12-03 13:48:19'),
(480,	635,	27.14,	64.01,	712,	'2024-12-03 13:48:30'),
(481,	637,	26.57,	60.27,	715,	'2024-12-03 13:49:03'),
(482,	638,	27.93,	64.44,	716,	'2024-12-03 13:49:14'),
(483,	639,	27.01,	64.06,	717,	'2024-12-03 13:49:25'),
(484,	640,	25.75,	63.9,	718,	'2024-12-03 13:49:36'),
(485,	641,	27.98,	59,	720,	'2024-12-03 13:49:58'),
(486,	642,	24.05,	56.15,	723,	'2024-12-03 13:50:32'),
(487,	644,	27.75,	56.05,	725,	'2024-12-03 13:50:53'),
(488,	646,	26.1,	55.68,	727,	'2024-12-03 13:51:15');

DROP TABLE IF EXISTS `ina`;
CREATE TABLE `ina` (
  `id` int(11) NOT NULL AUTO_INCREMENT,
  `log_id` int(11) NOT NULL,
  `current` float NOT NULL,
  `voltage` float NOT NULL,
  `power` float NOT NULL,
  `power_consumption` float NOT NULL,
  `sequence` bigint(20) NOT NULL,
  `created_at` timestamp NOT NULL DEFAULT CURRENT_TIMESTAMP,
  PRIMARY KEY (`id`),
  KEY `log_id` (`log_id`),
  CONSTRAINT `ina_ibfk_1` FOREIGN KEY (`log_id`) REFERENCES `node_send_logs` (`id`)
) ENGINE=InnoDB DEFAULT CHARSET=utf8mb4;

INSERT INTO `ina` (`id`, `log_id`, `current`, `voltage`, `power`, `power_consumption`, `sequence`, `created_at`) VALUES
(1,	12,	2.39,	231,	199,	147,	1,	'2024-12-03 10:22:58'),
(2,	13,	2.32,	222,	208,	154,	2,	'2024-12-03 10:23:09'),
(3,	14,	2.68,	239,	215,	140,	3,	'2024-12-03 10:23:20'),
(4,	15,	2.85,	232,	195,	155,	4,	'2024-12-03 10:23:31'),
(5,	16,	2.68,	220,	185,	145,	5,	'2024-12-03 10:23:42'),
(6,	17,	2.33,	226,	200,	148,	6,	'2024-12-03 10:23:53'),
(7,	18,	2.27,	236,	182,	148,	7,	'2024-12-03 10:24:04'),
(8,	19,	2.27,	235,	189,	140,	8,	'2024-12-03 10:24:15'),
(9,	20,	2.86,	226,	211,	140,	9,	'2024-12-03 10:24:26'),
(10,	21,	2,	228,	188,	158,	10,	'2024-12-03 10:24:37'),
(11,	22,	2.17,	224,	200,	158,	11,	'2024-12-03 10:24:48'),
(12,	23,	2.45,	220,	183,	156,	12,	'2024-12-03 10:24:59'),
(13,	24,	2.36,	237,	205,	158,	13,	'2024-12-03 10:25:10'),
(14,	25,	2.31,	230,	204,	143,	14,	'2024-12-03 10:25:21'),
(15,	26,	2.7,	221,	200,	158,	15,	'2024-12-03 10:25:32'),
(16,	27,	2.15,	226,	181,	146,	16,	'2024-12-03 10:25:43'),
(17,	28,	2.94,	224,	218,	157,	17,	'2024-12-03 10:25:54'),
(18,	29,	2.75,	2.25,	2.09,	1.41,	1,	'2024-12-03 10:30:56'),
(19,	30,	2.58,	2.23,	2.01,	1.5,	2,	'2024-12-03 10:31:35'),
(20,	17,	2.94,	2.37,	2.18,	1.48,	6,	'2024-12-03 10:32:19'),
(21,	19,	2.67,	2.39,	2,	1.46,	8,	'2024-12-03 10:32:41'),
(22,	20,	2.72,	2.28,	2.01,	1.47,	9,	'2024-12-03 10:32:52'),
(23,	33,	2.77,	2.27,	2.02,	1.47,	10,	'2024-12-03 10:33:03'),
(24,	34,	2.15,	2.28,	2.17,	1.58,	11,	'2024-12-03 10:33:14'),
(25,	35,	2.94,	2.25,	2.16,	1.51,	12,	'2024-12-03 10:33:25'),
(26,	38,	2.94,	2.3,	1.82,	1.45,	15,	'2024-12-03 10:33:58'),
(27,	39,	2.66,	2.34,	1.94,	1.54,	16,	'2024-12-03 10:34:09'),
(28,	40,	2.96,	2.25,	2.04,	1.48,	17,	'2024-12-03 10:34:20'),
(29,	41,	2.55,	2.33,	2.09,	1.44,	18,	'2024-12-03 10:34:31'),
(30,	42,	2.59,	2.22,	1.89,	1.53,	19,	'2024-12-03 10:34:42'),
(31,	43,	2.24,	2.37,	2.01,	1.53,	20,	'2024-12-03 10:34:53'),
(32,	44,	2.66,	2.25,	2.11,	1.43,	21,	'2024-12-03 10:35:04'),
(33,	45,	2.77,	2.33,	2.06,	1.53,	1,	'2024-12-03 10:42:14'),
(34,	46,	2.34,	2.29,	2.14,	1.56,	2,	'2024-12-03 10:42:25'),
(35,	47,	2.69,	2.33,	1.83,	1.49,	3,	'2024-12-03 10:42:36'),
(36,	32,	2.63,	2.28,	2.04,	1.56,	4,	'2024-12-03 10:42:47'),
(37,	48,	2.33,	2.3,	2.08,	1.48,	5,	'2024-12-03 10:42:58'),
(38,	49,	2.65,	2.24,	1.9,	1.4,	6,	'2024-12-03 10:43:09'),
(39,	18,	2.51,	2.21,	1.9,	1.54,	7,	'2024-12-03 10:43:20'),
(40,	50,	2.69,	2.31,	2.14,	1.46,	9,	'2024-12-03 10:43:42'),
(41,	51,	2.04,	2.33,	1.83,	1.47,	10,	'2024-12-03 10:43:53'),
(42,	52,	2.29,	2.37,	2.01,	1.49,	11,	'2024-12-03 10:44:04'),
(43,	53,	2.11,	2.36,	1.89,	1.44,	12,	'2024-12-03 10:44:15'),
(44,	54,	2.36,	2.26,	1.88,	1.46,	13,	'2024-12-03 10:44:26'),
(45,	55,	2.76,	2.22,	2.06,	1.48,	14,	'2024-12-03 10:44:37'),
(46,	56,	2.58,	2.21,	2.04,	1.45,	15,	'2024-12-03 10:44:48'),
(47,	57,	2.54,	2.35,	2.08,	1.56,	16,	'2024-12-03 10:44:59'),
(48,	58,	2.9,	2.29,	2.06,	1.47,	17,	'2024-12-03 10:45:10'),
(49,	59,	2.22,	2.2,	2.15,	1.52,	18,	'2024-12-03 10:45:21'),
(50,	60,	2.57,	2.37,	1.96,	1.42,	19,	'2024-12-03 10:45:32'),
(51,	61,	2.22,	2.23,	2.02,	1.59,	20,	'2024-12-03 10:45:43'),
(52,	62,	2.72,	2.36,	2.04,	1.48,	21,	'2024-12-03 10:45:54'),
(53,	63,	2.96,	2.32,	1.8,	1.44,	22,	'2024-12-03 10:46:05'),
(54,	64,	2.58,	2.21,	1.9,	1.59,	23,	'2024-12-03 10:46:16'),
(55,	65,	2.1,	2.29,	2.1,	1.55,	24,	'2024-12-03 10:46:27'),
(56,	66,	2.32,	2.27,	1.89,	1.46,	25,	'2024-12-03 10:46:38'),
(57,	67,	2.44,	2.36,	2.13,	1.55,	26,	'2024-12-03 10:46:49'),
(58,	68,	2.87,	2.2,	2.19,	1.47,	27,	'2024-12-03 10:47:00'),
(59,	69,	2.8,	2.21,	2.16,	1.47,	30,	'2024-12-03 10:47:33'),
(60,	70,	2.14,	2.3,	1.8,	1.42,	31,	'2024-12-03 10:47:44'),
(61,	71,	2.95,	2.35,	1.86,	1.55,	32,	'2024-12-03 10:47:55'),
(62,	72,	2.19,	2.27,	2.14,	1.55,	33,	'2024-12-03 10:48:06'),
(63,	73,	2.6,	2.36,	1.97,	1.46,	34,	'2024-12-03 10:48:17'),
(64,	128,	2.72,	2.34,	2.19,	1.58,	97,	'2024-12-03 10:59:50'),
(65,	129,	2.21,	2.26,	1.83,	1.55,	98,	'2024-12-03 11:00:01'),
(66,	130,	2.09,	2.24,	1.86,	1.48,	99,	'2024-12-03 11:00:12'),
(67,	131,	2.91,	2.3,	1.87,	1.52,	100,	'2024-12-03 11:00:23'),
(68,	132,	2.52,	2.28,	1.87,	1.43,	101,	'2024-12-03 11:00:34'),
(69,	133,	2.94,	2.35,	1.93,	1.54,	102,	'2024-12-03 11:00:45'),
(70,	134,	2.25,	2.39,	1.88,	1.58,	103,	'2024-12-03 11:00:56'),
(71,	135,	2.3,	2.36,	1.88,	1.47,	104,	'2024-12-03 11:01:07'),
(72,	136,	2.06,	2.3,	1.82,	1.52,	105,	'2024-12-03 11:01:18'),
(73,	137,	2.21,	2.27,	1.94,	1.54,	106,	'2024-12-03 11:01:29'),
(74,	138,	2.93,	2.25,	2.14,	1.41,	107,	'2024-12-03 11:01:40'),
(75,	139,	2.42,	2.24,	2.07,	1.58,	108,	'2024-12-03 11:01:51'),
(76,	140,	2.63,	2.32,	2.14,	1.54,	109,	'2024-12-03 11:02:02'),
(77,	141,	2.8,	2.23,	2.06,	1.43,	110,	'2024-12-03 11:02:13'),
(78,	142,	2.63,	2.24,	2.02,	1.45,	111,	'2024-12-03 11:02:24'),
(79,	143,	2.11,	2.34,	1.9,	1.49,	112,	'2024-12-03 11:02:35'),
(80,	144,	2.68,	2.31,	1.93,	1.49,	113,	'2024-12-03 11:02:46'),
(81,	145,	2.22,	2.2,	2.16,	1.46,	114,	'2024-12-03 11:02:57'),
(82,	146,	2.32,	2.38,	1.9,	1.57,	115,	'2024-12-03 11:03:08'),
(83,	147,	2.5,	2.37,	2.18,	1.43,	116,	'2024-12-03 11:03:19'),
(84,	148,	2.34,	2.34,	1.86,	1.53,	117,	'2024-12-03 11:03:30'),
(85,	149,	2.33,	2.25,	1.87,	1.5,	118,	'2024-12-03 11:03:41'),
(86,	150,	2.13,	2.27,	2.08,	1.56,	119,	'2024-12-03 11:03:52'),
(87,	151,	2.72,	2.35,	2.19,	1.4,	1,	'2024-12-03 11:38:03'),
(88,	46,	2.8,	2.39,	1.99,	1.56,	2,	'2024-12-03 11:38:14'),
(89,	152,	2.22,	2.28,	2.16,	1.5,	4,	'2024-12-03 11:38:36'),
(90,	153,	2.05,	2.21,	1.98,	1.49,	5,	'2024-12-03 11:38:47'),
(91,	154,	2.09,	2.29,	1.99,	1.52,	6,	'2024-12-03 11:38:58'),
(92,	19,	2.66,	2.21,	1.98,	1.5,	8,	'2024-12-03 11:39:20'),
(93,	157,	2.97,	2.29,	2,	1.57,	11,	'2024-12-03 11:39:53'),
(94,	158,	2.06,	2.29,	1.92,	1.47,	12,	'2024-12-03 11:40:04'),
(95,	159,	2.05,	2.28,	1.89,	1.44,	13,	'2024-12-03 11:40:15'),
(96,	160,	2.85,	2.31,	2.04,	1.59,	14,	'2024-12-03 11:40:26'),
(97,	161,	2.06,	2.31,	1.84,	1.41,	15,	'2024-12-03 11:40:37'),
(98,	162,	2.44,	2.34,	2.1,	1.5,	16,	'2024-12-03 11:40:48'),
(99,	163,	2.24,	2.31,	2.09,	1.48,	17,	'2024-12-03 11:40:59'),
(100,	59,	2.81,	2.24,	2.03,	1.56,	18,	'2024-12-03 11:41:10'),
(101,	164,	2.84,	2.28,	1.98,	1.46,	19,	'2024-12-03 11:41:21'),
(102,	61,	2.45,	2.39,	2.13,	1.41,	20,	'2024-12-03 11:41:32'),
(103,	166,	2.61,	2.24,	2.14,	1.57,	22,	'2024-12-03 11:41:54'),
(104,	167,	2.03,	2.24,	2.08,	1.43,	23,	'2024-12-03 11:42:05'),
(105,	170,	2.4,	2.28,	1.86,	1.58,	26,	'2024-12-03 11:42:38'),
(106,	171,	2.18,	2.23,	2.03,	1.47,	27,	'2024-12-03 11:42:49'),
(107,	172,	2.74,	2.23,	2.18,	1.58,	29,	'2024-12-03 11:43:11'),
(108,	173,	2.81,	2.26,	1.86,	1.55,	30,	'2024-12-03 11:43:22'),
(109,	174,	2.27,	2.37,	2.19,	1.43,	31,	'2024-12-03 11:43:33'),
(110,	175,	2.23,	2.33,	1.81,	1.55,	32,	'2024-12-03 11:43:44'),
(111,	176,	2.92,	2.22,	1.98,	1.41,	33,	'2024-12-03 11:43:55'),
(112,	177,	2.3,	2.34,	2.06,	1.57,	34,	'2024-12-03 11:44:06'),
(113,	178,	2.11,	2.3,	2.17,	1.57,	35,	'2024-12-03 11:44:17'),
(114,	180,	2.84,	2.36,	2.11,	1.54,	37,	'2024-12-03 11:44:39'),
(115,	183,	2.48,	2.21,	2.18,	1.43,	40,	'2024-12-03 11:45:12'),
(116,	185,	2.59,	2.22,	1.83,	1.55,	42,	'2024-12-03 11:45:34'),
(117,	186,	2.47,	2.28,	2.01,	1.48,	43,	'2024-12-03 11:45:45'),
(118,	187,	2.04,	2.39,	1.81,	1.58,	44,	'2024-12-03 11:45:56'),
(119,	188,	2.92,	2.34,	1.82,	1.49,	45,	'2024-12-03 11:46:07'),
(120,	78,	2.09,	2.3,	2.02,	1.47,	46,	'2024-12-03 11:46:19'),
(121,	189,	2.92,	2.35,	2.11,	1.4,	47,	'2024-12-03 11:46:29'),
(122,	190,	2.83,	2.27,	2.15,	1.52,	48,	'2024-12-03 11:46:41'),
(123,	193,	2.82,	2.36,	2.18,	1.43,	51,	'2024-12-03 11:47:13'),
(124,	85,	2.59,	2.33,	2.18,	1.46,	53,	'2024-12-03 11:47:36'),
(125,	194,	2.99,	2.35,	2.05,	1.44,	54,	'2024-12-03 11:47:46'),
(126,	195,	2.63,	2.31,	2.02,	1.43,	55,	'2024-12-03 11:47:57'),
(127,	196,	2.19,	2.23,	1.94,	1.58,	56,	'2024-12-03 11:48:09'),
(128,	197,	2.12,	2.32,	2.04,	1.43,	57,	'2024-12-03 11:48:20'),
(129,	198,	2.9,	2.33,	2.1,	1.45,	58,	'2024-12-03 11:48:31'),
(130,	200,	2.15,	2.36,	1.94,	1.51,	60,	'2024-12-03 11:48:53'),
(131,	202,	2.74,	2.23,	1.87,	1.57,	64,	'2024-12-03 11:49:37'),
(132,	203,	2.94,	2.32,	2.08,	1.53,	65,	'2024-12-03 11:49:48'),
(133,	110,	2.43,	2.34,	2.13,	1.58,	79,	'2024-12-03 11:52:22'),
(134,	112,	2.02,	2.23,	1.84,	1.41,	81,	'2024-12-03 11:52:44'),
(135,	210,	2.19,	2.29,	1.82,	1.4,	82,	'2024-12-03 11:52:55'),
(136,	211,	2.32,	2.33,	2.01,	1.44,	83,	'2024-12-03 11:53:06'),
(137,	216,	2.07,	2.32,	1.8,	1.45,	93,	'2024-12-03 11:54:56'),
(138,	125,	2.09,	2.21,	1.86,	1.51,	94,	'2024-12-03 11:55:07'),
(139,	128,	2.63,	2.27,	1.98,	1.57,	97,	'2024-12-03 11:55:40'),
(140,	129,	2.7,	2.25,	1.86,	1.51,	98,	'2024-12-03 11:55:51'),
(141,	218,	2.96,	2.33,	2.15,	1.49,	99,	'2024-12-03 11:56:02'),
(142,	219,	2.17,	2.38,	2.16,	1.54,	100,	'2024-12-03 11:56:13'),
(143,	220,	2.72,	2.36,	2.03,	1.56,	101,	'2024-12-03 11:56:24'),
(144,	221,	2.4,	2.38,	2.06,	1.46,	102,	'2024-12-03 11:56:35'),
(145,	222,	2.95,	2.35,	1.96,	1.48,	103,	'2024-12-03 11:56:46'),
(146,	223,	2.58,	2.23,	2.1,	1.44,	104,	'2024-12-03 11:56:57'),
(147,	224,	2.3,	2.37,	2.07,	1.49,	105,	'2024-12-03 11:57:08'),
(148,	225,	2.58,	2.31,	2.09,	1.44,	106,	'2024-12-03 11:57:19'),
(149,	228,	2.5,	2.36,	2.1,	1.47,	113,	'2024-12-03 11:58:36'),
(150,	230,	2.22,	2.37,	1.92,	1.51,	116,	'2024-12-03 11:59:09'),
(151,	232,	2.2,	2.23,	1.85,	1.58,	119,	'2024-12-03 11:59:42'),
(152,	233,	2.07,	2.24,	1.83,	1.5,	121,	'2024-12-03 12:00:04'),
(153,	236,	2.49,	2.33,	1.9,	1.41,	130,	'2024-12-03 12:01:43'),
(154,	239,	2.71,	2.21,	2.18,	1.54,	134,	'2024-12-03 12:02:27'),
(155,	240,	2.96,	2.33,	2,	1.41,	135,	'2024-12-03 12:02:38'),
(156,	241,	2.6,	2.24,	1.9,	1.55,	136,	'2024-12-03 12:02:49'),
(157,	242,	2.17,	2.21,	2.09,	1.59,	137,	'2024-12-03 12:03:00'),
(158,	243,	2.28,	2.31,	1.86,	1.55,	138,	'2024-12-03 12:03:11'),
(159,	244,	2.52,	2.37,	1.81,	1.47,	139,	'2024-12-03 12:03:22'),
(160,	245,	2.83,	2.29,	2.02,	1.44,	140,	'2024-12-03 12:03:33'),
(161,	246,	2.51,	2.26,	1.97,	1.5,	141,	'2024-12-03 12:03:44'),
(162,	247,	2.51,	2.24,	2,	1.51,	142,	'2024-12-03 12:03:55'),
(163,	249,	2.01,	2.32,	1.86,	1.43,	144,	'2024-12-03 12:04:17'),
(164,	250,	2.36,	2.29,	1.95,	1.56,	145,	'2024-12-03 12:04:28'),
(165,	251,	2.76,	2.35,	2.13,	1.51,	146,	'2024-12-03 12:04:39'),
(166,	252,	2.39,	2.24,	1.88,	1.42,	147,	'2024-12-03 12:04:50'),
(167,	254,	2.2,	2.25,	2.11,	1.51,	149,	'2024-12-03 12:05:12'),
(168,	255,	2.16,	2.3,	1.87,	1.55,	150,	'2024-12-03 12:05:23'),
(169,	256,	2.3,	2.24,	1.97,	1.43,	151,	'2024-12-03 12:05:34'),
(170,	259,	2.87,	2.3,	1.89,	1.47,	158,	'2024-12-03 12:06:51'),
(171,	261,	2.61,	2.26,	2.04,	1.55,	161,	'2024-12-03 12:07:24'),
(172,	266,	2.77,	2.36,	2.09,	1.54,	174,	'2024-12-03 12:09:47'),
(173,	267,	2.87,	2.36,	1.96,	1.56,	175,	'2024-12-03 12:09:59'),
(174,	268,	2.59,	2.24,	1.84,	1.49,	176,	'2024-12-03 12:10:10'),
(175,	269,	2.73,	2.33,	1.86,	1.52,	178,	'2024-12-03 12:10:31'),
(176,	270,	2.19,	2.2,	2.05,	1.57,	179,	'2024-12-03 12:10:42'),
(177,	272,	2.45,	2.23,	2.08,	1.44,	186,	'2024-12-03 12:12:00'),
(178,	273,	2.12,	2.34,	1.84,	1.53,	195,	'2024-12-03 12:13:39'),
(179,	274,	2.34,	2.37,	1.8,	1.54,	196,	'2024-12-03 12:13:50'),
(180,	276,	2.02,	2.28,	2.09,	1.48,	198,	'2024-12-03 12:14:12'),
(181,	278,	2.19,	2.39,	1.81,	1.46,	208,	'2024-12-03 12:16:02'),
(182,	279,	2.95,	2.22,	1.96,	1.41,	209,	'2024-12-03 12:16:13'),
(183,	281,	2.27,	2.31,	2.09,	1.5,	211,	'2024-12-03 12:16:35'),
(184,	282,	2.75,	2.26,	1.99,	1.49,	212,	'2024-12-03 12:16:46'),
(185,	283,	2.75,	2.24,	2.03,	1.59,	213,	'2024-12-03 12:16:57'),
(186,	288,	2.23,	2.39,	1.97,	1.43,	232,	'2024-12-03 12:20:26'),
(187,	289,	2.45,	2.2,	1.98,	1.4,	233,	'2024-12-03 12:20:37'),
(188,	290,	2.22,	2.33,	1.96,	1.5,	234,	'2024-12-03 12:20:48'),
(189,	291,	2.5,	2.21,	1.81,	1.42,	236,	'2024-12-03 12:21:10'),
(190,	293,	2.1,	2.32,	2.03,	1.44,	240,	'2024-12-03 12:21:54'),
(191,	294,	2.81,	2.37,	1.82,	1.53,	241,	'2024-12-03 12:22:05'),
(192,	295,	2.1,	2.27,	1.86,	1.58,	243,	'2024-12-03 12:22:27'),
(193,	296,	2.58,	2.35,	1.8,	1.5,	244,	'2024-12-03 12:22:38'),
(194,	298,	2.03,	2.38,	1.92,	1.43,	246,	'2024-12-03 12:23:00'),
(195,	299,	2.79,	2.37,	2.03,	1.47,	247,	'2024-12-03 12:23:11'),
(196,	301,	2.55,	2.26,	1.94,	1.57,	251,	'2024-12-03 12:23:55'),
(197,	302,	2.22,	2.25,	2.15,	1.52,	253,	'2024-12-03 12:24:17'),
(198,	305,	2.72,	2.38,	1.99,	1.54,	267,	'2024-12-03 12:26:51'),
(199,	308,	2.58,	2.29,	1.96,	1.42,	274,	'2024-12-03 12:28:08'),
(200,	310,	2.11,	2.24,	1.87,	1.52,	281,	'2024-12-03 12:29:25'),
(201,	311,	2.4,	2.21,	2.04,	1.57,	282,	'2024-12-03 12:29:36'),
(202,	312,	2.67,	2.35,	1.97,	1.5,	285,	'2024-12-03 12:30:09'),
(203,	313,	2.39,	2.38,	2.16,	1.44,	286,	'2024-12-03 12:30:20'),
(204,	317,	2.34,	2.29,	1.92,	1.43,	294,	'2024-12-03 12:31:48'),
(205,	318,	2.58,	2.21,	1.98,	1.44,	295,	'2024-12-03 12:31:59'),
(206,	319,	2.28,	2.39,	2.06,	1.43,	296,	'2024-12-03 12:32:10'),
(207,	320,	2,	2.36,	1.96,	1.49,	300,	'2024-12-03 12:32:54'),
(208,	324,	2.52,	2.35,	2.12,	1.48,	305,	'2024-12-03 12:33:49'),
(209,	325,	2.27,	2.29,	2.1,	1.59,	306,	'2024-12-03 12:34:00'),
(210,	326,	2.12,	2.31,	2.05,	1.43,	307,	'2024-12-03 12:34:11'),
(211,	327,	2.99,	2.35,	1.93,	1.54,	308,	'2024-12-03 12:34:22'),
(212,	328,	2.18,	2.2,	2.08,	1.59,	309,	'2024-12-03 12:34:33'),
(213,	329,	2.08,	2.3,	1.95,	1.45,	310,	'2024-12-03 12:34:44'),
(214,	330,	2.22,	2.27,	2.18,	1.5,	311,	'2024-12-03 12:34:55'),
(215,	331,	2.85,	2.28,	2.05,	1.4,	312,	'2024-12-03 12:35:06'),
(216,	333,	2.47,	2.25,	2.04,	1.59,	314,	'2024-12-03 12:35:28'),
(217,	335,	2.85,	2.24,	1.89,	1.4,	316,	'2024-12-03 12:35:50'),
(218,	336,	2.09,	2.27,	2.07,	1.41,	317,	'2024-12-03 12:36:01'),
(219,	337,	2.51,	2.23,	2.09,	1.52,	319,	'2024-12-03 12:36:23'),
(220,	338,	2.25,	2.21,	2.01,	1.57,	322,	'2024-12-03 12:36:56'),
(221,	339,	2.37,	2.21,	1.87,	1.57,	323,	'2024-12-03 12:37:07'),
(222,	340,	2.52,	2.3,	2.06,	1.45,	324,	'2024-12-03 12:37:18'),
(223,	341,	2.48,	2.2,	2.14,	1.4,	325,	'2024-12-03 12:37:29'),
(224,	342,	2.31,	2.37,	1.88,	1.51,	327,	'2024-12-03 12:37:51'),
(225,	343,	2.42,	2.31,	2.03,	1.51,	328,	'2024-12-03 12:38:02'),
(226,	344,	2.29,	2.29,	1.99,	1.54,	330,	'2024-12-03 12:38:25'),
(227,	345,	2.72,	2.23,	1.8,	1.57,	331,	'2024-12-03 12:38:35'),
(228,	347,	2.73,	2.34,	2.05,	1.56,	337,	'2024-12-03 12:39:42'),
(229,	348,	2.76,	2.35,	1.86,	1.56,	338,	'2024-12-03 12:39:53'),
(230,	349,	2.67,	2.23,	2.1,	1.46,	339,	'2024-12-03 12:40:04'),
(231,	350,	2.23,	2.22,	1.8,	1.43,	340,	'2024-12-03 12:40:15'),
(232,	351,	2.02,	2.29,	1.8,	1.46,	341,	'2024-12-03 12:40:26'),
(233,	352,	2.41,	2.32,	2.16,	1.58,	342,	'2024-12-03 12:40:37'),
(234,	353,	2.35,	2.27,	2.16,	1.4,	343,	'2024-12-03 12:40:48'),
(235,	354,	2.04,	2.24,	2.06,	1.44,	344,	'2024-12-03 12:40:59'),
(236,	355,	2.06,	2.37,	1.91,	1.48,	345,	'2024-12-03 12:41:10'),
(237,	356,	2.29,	2.34,	1.93,	1.54,	346,	'2024-12-03 12:41:21'),
(238,	357,	2.08,	2.39,	2,	1.59,	347,	'2024-12-03 12:41:32'),
(239,	358,	2.3,	2.3,	1.92,	1.45,	351,	'2024-12-03 12:42:16'),
(240,	362,	2.68,	2.2,	1.81,	1.57,	357,	'2024-12-03 12:43:22'),
(241,	363,	2.11,	2.29,	1.96,	1.48,	358,	'2024-12-03 12:43:33'),
(242,	364,	2.31,	2.21,	2.05,	1.56,	359,	'2024-12-03 12:43:44'),
(243,	365,	2.17,	2.2,	2.04,	1.51,	360,	'2024-12-03 12:43:55'),
(244,	366,	2.83,	2.31,	2.12,	1.58,	361,	'2024-12-03 12:44:06'),
(245,	367,	2.11,	2.3,	2.07,	1.57,	362,	'2024-12-03 12:44:17'),
(246,	369,	2.13,	2.23,	2.17,	1.43,	364,	'2024-12-03 12:44:39'),
(247,	370,	2.82,	2.26,	1.88,	1.59,	367,	'2024-12-03 12:45:12'),
(248,	371,	2.56,	2.38,	2.03,	1.44,	370,	'2024-12-03 12:45:45'),
(249,	372,	2.86,	2.22,	1.87,	1.44,	371,	'2024-12-03 12:45:56'),
(250,	373,	2.17,	2.2,	2.09,	1.46,	372,	'2024-12-03 12:46:07'),
(251,	374,	2.97,	2.32,	2.13,	1.43,	373,	'2024-12-03 12:46:18'),
(252,	375,	2.56,	2.23,	2,	1.59,	374,	'2024-12-03 12:46:29'),
(253,	376,	2.8,	2.33,	2.08,	1.52,	375,	'2024-12-03 12:46:40'),
(254,	377,	2.92,	2.34,	2.08,	1.48,	377,	'2024-12-03 12:47:02'),
(255,	380,	2.36,	2.32,	1.94,	1.58,	381,	'2024-12-03 12:47:46'),
(256,	381,	2.32,	2.33,	1.82,	1.46,	384,	'2024-12-03 12:48:19'),
(257,	382,	2.17,	2.39,	2.16,	1.59,	385,	'2024-12-03 12:48:30'),
(258,	383,	2.08,	2.2,	1.91,	1.5,	386,	'2024-12-03 12:48:41'),
(259,	384,	2.98,	2.33,	2.05,	1.53,	387,	'2024-12-03 12:48:52'),
(260,	385,	2.99,	2.23,	2,	1.53,	390,	'2024-12-03 12:49:25'),
(261,	386,	2.39,	2.25,	1.92,	1.5,	391,	'2024-12-03 12:49:36'),
(262,	387,	2.41,	2.3,	1.97,	1.57,	392,	'2024-12-03 12:49:47'),
(263,	388,	2.34,	2.35,	2.07,	1.56,	393,	'2024-12-03 12:49:58'),
(264,	389,	2.9,	2.22,	2,	1.56,	394,	'2024-12-03 12:50:09'),
(265,	390,	2.46,	2.29,	1.96,	1.51,	395,	'2024-12-03 12:50:20'),
(266,	391,	2.51,	2.2,	2.07,	1.57,	396,	'2024-12-03 12:50:31'),
(267,	392,	2.31,	2.34,	1.98,	1.45,	398,	'2024-12-03 12:50:53'),
(268,	393,	2.17,	2.3,	2.19,	1.52,	399,	'2024-12-03 12:51:04'),
(269,	394,	2.25,	2.32,	2.03,	1.53,	400,	'2024-12-03 12:51:15'),
(270,	395,	2.72,	2.26,	2.08,	1.52,	401,	'2024-12-03 12:51:26'),
(271,	396,	2.81,	2.33,	2.15,	1.49,	402,	'2024-12-03 12:51:37'),
(272,	398,	2.66,	2.23,	2.07,	1.4,	404,	'2024-12-03 12:51:59'),
(273,	399,	2.2,	2.3,	2.16,	1.46,	405,	'2024-12-03 12:52:10'),
(274,	400,	2.39,	2.3,	1.97,	1.48,	406,	'2024-12-03 12:52:21'),
(275,	401,	2.76,	2.32,	1.82,	1.44,	407,	'2024-12-03 12:52:32'),
(276,	403,	2.79,	2.39,	2.1,	1.47,	410,	'2024-12-03 12:53:05'),
(277,	404,	2.99,	2.32,	2.06,	1.5,	411,	'2024-12-03 12:53:16'),
(278,	405,	2.93,	2.26,	1.96,	1.54,	412,	'2024-12-03 12:53:27'),
(279,	407,	2.5,	2.21,	2.04,	1.58,	415,	'2024-12-03 12:54:00'),
(280,	408,	2,	2.25,	2.08,	1.57,	416,	'2024-12-03 12:54:11'),
(281,	409,	2.91,	2.38,	2.17,	1.42,	417,	'2024-12-03 12:54:22'),
(282,	411,	2.5,	2.33,	1.89,	1.41,	419,	'2024-12-03 12:54:44'),
(283,	412,	2.65,	2.22,	2.13,	1.44,	420,	'2024-12-03 12:54:55'),
(284,	413,	2.06,	2.32,	2.12,	1.47,	421,	'2024-12-03 12:55:06'),
(285,	414,	2.71,	2.25,	1.96,	1.54,	422,	'2024-12-03 12:55:17'),
(286,	415,	2.94,	2.29,	2.07,	1.5,	423,	'2024-12-03 12:55:28'),
(287,	416,	2.51,	2.24,	1.95,	1.48,	424,	'2024-12-03 12:55:39'),
(288,	417,	2.98,	2.33,	2,	1.46,	425,	'2024-12-03 12:55:50'),
(289,	418,	2.09,	2.25,	1.95,	1.56,	426,	'2024-12-03 12:56:01'),
(290,	419,	2.55,	2.28,	1.95,	1.57,	427,	'2024-12-03 12:56:12'),
(291,	420,	2.8,	2.34,	2.04,	1.53,	428,	'2024-12-03 12:56:23'),
(292,	421,	2.57,	2.27,	2.09,	1.59,	429,	'2024-12-03 12:56:34'),
(293,	422,	2.95,	2.28,	2.12,	1.54,	430,	'2024-12-03 12:56:45'),
(294,	423,	2.19,	2.23,	1.84,	1.52,	431,	'2024-12-03 12:56:56'),
(295,	424,	2.08,	2.22,	2.15,	1.41,	432,	'2024-12-03 12:57:07'),
(296,	425,	2.66,	2.24,	1.85,	1.5,	433,	'2024-12-03 12:57:18'),
(297,	426,	2.43,	2.32,	2.11,	1.59,	435,	'2024-12-03 12:57:40'),
(298,	428,	2.63,	2.24,	1.93,	1.55,	437,	'2024-12-03 12:58:02'),
(299,	429,	2.14,	2.31,	2.07,	1.47,	438,	'2024-12-03 12:58:13'),
(300,	430,	2.44,	2.22,	1.86,	1.52,	439,	'2024-12-03 12:58:24'),
(301,	431,	2.74,	2.2,	2.16,	1.57,	440,	'2024-12-03 12:58:35'),
(302,	432,	2.39,	2.33,	2.06,	1.55,	441,	'2024-12-03 12:58:46'),
(303,	433,	2.72,	2.22,	1.92,	1.57,	442,	'2024-12-03 12:58:57'),
(304,	434,	2.54,	2.37,	1.84,	1.47,	443,	'2024-12-03 12:59:08'),
(305,	435,	2.14,	2.36,	2.16,	1.45,	445,	'2024-12-03 12:59:30'),
(306,	436,	2.77,	2.27,	1.81,	1.44,	446,	'2024-12-03 12:59:41'),
(307,	437,	2.84,	2.25,	2.12,	1.57,	448,	'2024-12-03 13:00:03'),
(308,	439,	2.09,	2.38,	1.87,	1.55,	451,	'2024-12-03 13:00:36'),
(309,	440,	2.96,	2.32,	1.82,	1.44,	452,	'2024-12-03 13:00:47'),
(310,	441,	2.63,	2.32,	2.19,	1.55,	453,	'2024-12-03 13:00:58'),
(311,	442,	2.2,	2.29,	1.95,	1.54,	454,	'2024-12-03 13:01:10'),
(312,	443,	2.97,	2.22,	1.82,	1.45,	455,	'2024-12-03 13:01:20'),
(313,	444,	2.95,	2.39,	1.92,	1.46,	457,	'2024-12-03 13:01:43'),
(314,	445,	2.14,	2.29,	1.97,	1.44,	458,	'2024-12-03 13:01:54'),
(315,	446,	2.35,	2.24,	1.98,	1.42,	459,	'2024-12-03 13:02:05'),
(316,	447,	2.12,	2.26,	2.09,	1.5,	460,	'2024-12-03 13:02:16'),
(317,	448,	2.87,	2.39,	1.92,	1.44,	461,	'2024-12-03 13:02:27'),
(318,	450,	2.89,	2.23,	1.86,	1.54,	463,	'2024-12-03 13:02:49'),
(319,	451,	2.45,	2.28,	2.15,	1.51,	464,	'2024-12-03 13:03:00'),
(320,	452,	2.62,	2.33,	1.84,	1.54,	467,	'2024-12-03 13:03:33'),
(321,	453,	2.21,	2.27,	1.96,	1.53,	468,	'2024-12-03 13:03:44'),
(322,	454,	2.37,	2.2,	1.95,	1.59,	469,	'2024-12-03 13:03:55'),
(323,	456,	2.79,	2.24,	2.1,	1.52,	471,	'2024-12-03 13:04:17'),
(324,	457,	2.71,	2.27,	2.1,	1.48,	472,	'2024-12-03 13:04:28'),
(325,	458,	2.52,	2.38,	1.9,	1.52,	473,	'2024-12-03 13:04:39'),
(326,	459,	2.88,	2.21,	2.03,	1.45,	474,	'2024-12-03 13:04:50'),
(327,	460,	2.22,	2.35,	1.85,	1.54,	475,	'2024-12-03 13:05:01'),
(328,	461,	2.73,	2.29,	1.96,	1.51,	476,	'2024-12-03 13:05:12'),
(329,	462,	2.65,	2.35,	1.89,	1.58,	477,	'2024-12-03 13:05:23'),
(330,	463,	2.64,	2.25,	2.15,	1.59,	485,	'2024-12-03 13:06:51'),
(331,	464,	2.72,	2.32,	2.17,	1.56,	486,	'2024-12-03 13:07:02'),
(332,	465,	2.71,	2.34,	2.05,	1.49,	487,	'2024-12-03 13:07:13'),
(333,	466,	2.63,	2.26,	1.98,	1.5,	488,	'2024-12-03 13:07:24'),
(334,	467,	2.29,	2.21,	1.84,	1.52,	489,	'2024-12-03 13:07:35'),
(335,	468,	2.61,	2.36,	2.08,	1.56,	490,	'2024-12-03 13:07:46'),
(336,	469,	2.77,	2.36,	1.96,	1.59,	491,	'2024-12-03 13:07:57'),
(337,	471,	2.23,	2.31,	1.83,	1.4,	494,	'2024-12-03 13:08:30'),
(338,	472,	2.22,	2.37,	1.8,	1.49,	495,	'2024-12-03 13:08:41'),
(339,	473,	2.94,	2.31,	2.02,	1.52,	496,	'2024-12-03 13:08:52'),
(340,	475,	2.09,	2.34,	2.05,	1.46,	498,	'2024-12-03 13:09:14'),
(341,	477,	2.69,	2.39,	1.87,	1.47,	500,	'2024-12-03 13:09:36'),
(342,	478,	2.36,	2.31,	1.84,	1.4,	502,	'2024-12-03 13:09:58'),
(343,	479,	2.78,	2.2,	2,	1.53,	503,	'2024-12-03 13:10:09'),
(344,	480,	2.43,	2.35,	2.05,	1.44,	504,	'2024-12-03 13:10:20'),
(345,	481,	2.86,	2.31,	1.93,	1.51,	506,	'2024-12-03 13:10:42'),
(346,	482,	2.7,	2.22,	1.86,	1.43,	507,	'2024-12-03 13:10:53'),
(347,	484,	2.16,	2.25,	1.8,	1.48,	511,	'2024-12-03 13:11:37'),
(348,	485,	2.35,	2.35,	2.06,	1.49,	512,	'2024-12-03 13:11:48'),
(349,	486,	2.96,	2.36,	2.05,	1.55,	513,	'2024-12-03 13:11:59'),
(350,	487,	2.63,	2.25,	2.18,	1.41,	514,	'2024-12-03 13:12:10'),
(351,	488,	2,	2.39,	2.12,	1.5,	517,	'2024-12-03 13:12:43'),
(352,	489,	2.59,	2.21,	2.02,	1.47,	518,	'2024-12-03 13:12:54'),
(353,	490,	2.58,	2.34,	1.91,	1.53,	519,	'2024-12-03 13:13:05'),
(354,	491,	2.31,	2.2,	1.9,	1.52,	520,	'2024-12-03 13:13:16'),
(355,	494,	2.8,	2.24,	1.81,	1.55,	525,	'2024-12-03 13:14:11'),
(356,	495,	2.68,	2.35,	2.08,	1.4,	526,	'2024-12-03 13:14:22'),
(357,	496,	2.18,	2.34,	2.09,	1.44,	527,	'2024-12-03 13:14:33'),
(358,	497,	2.01,	2.32,	2.09,	1.48,	528,	'2024-12-03 13:14:44'),
(359,	498,	2.35,	2.36,	1.86,	1.41,	529,	'2024-12-03 13:14:55'),
(360,	499,	2.87,	2.23,	1.84,	1.56,	530,	'2024-12-03 13:15:06'),
(361,	500,	2.68,	2.26,	1.86,	1.56,	531,	'2024-12-03 13:15:17'),
(362,	501,	2.67,	2.34,	2.08,	1.45,	532,	'2024-12-03 13:15:28'),
(363,	502,	2.06,	2.26,	2.04,	1.55,	533,	'2024-12-03 13:15:39'),
(364,	503,	2.82,	2.2,	2.1,	1.5,	534,	'2024-12-03 13:15:50'),
(365,	504,	2.28,	2.37,	2.07,	1.56,	535,	'2024-12-03 13:16:01'),
(366,	505,	2.12,	2.31,	2.15,	1.49,	536,	'2024-12-03 13:16:12'),
(367,	506,	2.61,	2.33,	1.98,	1.53,	537,	'2024-12-03 13:16:23'),
(368,	508,	2.31,	2.25,	1.9,	1.53,	539,	'2024-12-03 13:16:45'),
(369,	509,	2.53,	2.33,	2.18,	1.57,	540,	'2024-12-03 13:16:56'),
(370,	510,	2.41,	2.34,	2.04,	1.53,	541,	'2024-12-03 13:17:07'),
(371,	512,	2.63,	2.3,	1.97,	1.55,	545,	'2024-12-03 13:17:51'),
(372,	513,	2.05,	2.36,	2.07,	1.46,	546,	'2024-12-03 13:18:02'),
(373,	514,	2.51,	2.21,	1.94,	1.44,	548,	'2024-12-03 13:18:24'),
(374,	515,	2.64,	2.39,	2.19,	1.5,	551,	'2024-12-03 13:18:57'),
(375,	516,	2.83,	2.26,	2.09,	1.4,	554,	'2024-12-03 13:19:30'),
(376,	517,	2.35,	2.22,	1.93,	1.51,	555,	'2024-12-03 13:19:41'),
(377,	519,	2.04,	2.21,	1.8,	1.48,	557,	'2024-12-03 13:20:03'),
(378,	520,	2.61,	2.29,	2.18,	1.47,	558,	'2024-12-03 13:20:14'),
(379,	521,	2.93,	2.33,	2.03,	1.41,	559,	'2024-12-03 13:20:25'),
(380,	522,	2.96,	2.3,	2.14,	1.54,	560,	'2024-12-03 13:20:36'),
(381,	524,	2.92,	2.22,	1.96,	1.49,	562,	'2024-12-03 13:20:58'),
(382,	526,	2.16,	2.23,	2.19,	1.52,	564,	'2024-12-03 13:21:20'),
(383,	528,	2.86,	2.28,	1.85,	1.56,	568,	'2024-12-03 13:22:04'),
(384,	532,	2.07,	2.31,	2,	1.47,	573,	'2024-12-03 13:22:59'),
(385,	533,	2.07,	2.35,	1.98,	1.56,	574,	'2024-12-03 13:23:10'),
(386,	534,	2.38,	2.31,	2.04,	1.43,	575,	'2024-12-03 13:23:21'),
(387,	535,	2.53,	2.32,	1.82,	1.52,	576,	'2024-12-03 13:23:32'),
(388,	536,	2.36,	2.31,	2.11,	1.42,	577,	'2024-12-03 13:23:43'),
(389,	537,	2.59,	2.34,	2.09,	1.4,	578,	'2024-12-03 13:23:54'),
(390,	539,	2.59,	2.36,	2.18,	1.44,	580,	'2024-12-03 13:24:17'),
(391,	540,	2.77,	2.34,	2.11,	1.55,	581,	'2024-12-03 13:24:27'),
(392,	543,	2.21,	2.23,	1.89,	1.41,	586,	'2024-12-03 13:25:23'),
(393,	545,	2.59,	2.31,	2.18,	1.49,	591,	'2024-12-03 13:26:18'),
(394,	546,	2.24,	2.3,	1.83,	1.53,	593,	'2024-12-03 13:26:40'),
(395,	547,	2.89,	2.33,	2.05,	1.43,	594,	'2024-12-03 13:26:51'),
(396,	548,	2.67,	2.21,	2.15,	1.59,	595,	'2024-12-03 13:27:02'),
(397,	549,	2.76,	2.38,	2.13,	1.47,	598,	'2024-12-03 13:27:35'),
(398,	550,	2.79,	2.28,	1.91,	1.45,	599,	'2024-12-03 13:27:46'),
(399,	551,	2.03,	2.24,	1.84,	1.59,	600,	'2024-12-03 13:27:57'),
(400,	552,	2.95,	2.21,	2.02,	1.41,	601,	'2024-12-03 13:28:08'),
(401,	553,	2.65,	2.38,	2.04,	1.46,	602,	'2024-12-03 13:28:19'),
(402,	554,	2.39,	2.28,	2.08,	1.52,	603,	'2024-12-03 13:28:30'),
(403,	555,	2.42,	2.38,	2.15,	1.4,	605,	'2024-12-03 13:28:52'),
(404,	556,	2.28,	2.37,	1.96,	1.51,	607,	'2024-12-03 13:29:14'),
(405,	558,	2.18,	2.27,	2.17,	1.4,	609,	'2024-12-03 13:29:36'),
(406,	559,	2.27,	2.23,	1.8,	1.5,	610,	'2024-12-03 13:29:47'),
(407,	560,	2.49,	2.34,	1.98,	1.52,	611,	'2024-12-03 13:29:58'),
(408,	561,	2.64,	2.22,	1.88,	1.45,	612,	'2024-12-03 13:30:09'),
(409,	562,	2.43,	2.24,	2.12,	1.52,	613,	'2024-12-03 13:30:20'),
(410,	563,	2.57,	2.26,	2.11,	1.52,	614,	'2024-12-03 13:30:31'),
(411,	564,	2.5,	2.3,	1.93,	1.46,	615,	'2024-12-03 13:30:42'),
(412,	567,	2.08,	2.36,	2.02,	1.52,	619,	'2024-12-03 13:31:26'),
(413,	568,	2.94,	2.27,	1.8,	1.56,	622,	'2024-12-03 13:31:59'),
(414,	569,	2.3,	2.37,	1.89,	1.54,	623,	'2024-12-03 13:32:10'),
(415,	570,	2.8,	2.36,	1.81,	1.55,	624,	'2024-12-03 13:32:21'),
(416,	571,	2.56,	2.36,	2.02,	1.57,	625,	'2024-12-03 13:32:32'),
(417,	572,	2.92,	2.34,	2.07,	1.57,	628,	'2024-12-03 13:33:05'),
(418,	573,	2.41,	2.27,	2.15,	1.5,	630,	'2024-12-03 13:33:27'),
(419,	574,	2.93,	2.34,	1.98,	1.51,	631,	'2024-12-03 13:33:38'),
(420,	575,	2.59,	2.3,	1.91,	1.45,	632,	'2024-12-03 13:33:49'),
(421,	576,	2.25,	2.33,	1.83,	1.43,	633,	'2024-12-03 13:34:00'),
(422,	577,	2.73,	2.32,	1.98,	1.53,	634,	'2024-12-03 13:34:11'),
(423,	579,	2.05,	2.29,	1.84,	1.44,	640,	'2024-12-03 13:35:17'),
(424,	583,	2.62,	2.3,	2.17,	1.56,	645,	'2024-12-03 13:36:12'),
(425,	584,	2.43,	2.39,	2.01,	1.44,	646,	'2024-12-03 13:36:23'),
(426,	585,	2.12,	2.36,	1.87,	1.59,	647,	'2024-12-03 13:36:34'),
(427,	587,	2.23,	2.38,	1.93,	1.49,	650,	'2024-12-03 13:37:07'),
(428,	588,	2.6,	2.34,	1.98,	1.49,	651,	'2024-12-03 13:37:18'),
(429,	589,	2.6,	2.37,	2.02,	1.56,	653,	'2024-12-03 13:37:40'),
(430,	590,	2.85,	2.38,	2.06,	1.44,	654,	'2024-12-03 13:37:51'),
(431,	591,	2.86,	2.34,	1.96,	1.4,	655,	'2024-12-03 13:38:02'),
(432,	592,	2.32,	2.29,	1.91,	1.44,	656,	'2024-12-03 13:38:13'),
(433,	593,	2.27,	2.3,	2.19,	1.56,	657,	'2024-12-03 13:38:24'),
(434,	595,	2.24,	2.39,	1.94,	1.46,	659,	'2024-12-03 13:38:46'),
(435,	596,	2.51,	2.31,	1.9,	1.53,	660,	'2024-12-03 13:38:57'),
(436,	597,	2.4,	2.34,	2.08,	1.42,	663,	'2024-12-03 13:39:30'),
(437,	601,	2.11,	2.35,	2.18,	1.43,	672,	'2024-12-03 13:41:09'),
(438,	602,	2.17,	2.23,	2.18,	1.5,	673,	'2024-12-03 13:41:20'),
(439,	603,	2.52,	2.24,	2.04,	1.54,	676,	'2024-12-03 13:41:53'),
(440,	604,	2.5,	2.33,	1.92,	1.57,	677,	'2024-12-03 13:42:04'),
(441,	605,	2.91,	2.37,	2.03,	1.42,	678,	'2024-12-03 13:42:15'),
(442,	606,	2.95,	2.32,	1.86,	1.41,	679,	'2024-12-03 13:42:26'),
(443,	607,	2.74,	2.22,	2.1,	1.57,	680,	'2024-12-03 13:42:37'),
(444,	608,	2.25,	2.35,	1.93,	1.45,	681,	'2024-12-03 13:42:48'),
(445,	609,	2.56,	2.26,	2.08,	1.53,	682,	'2024-12-03 13:42:59'),
(446,	610,	2.72,	2.31,	2.16,	1.44,	683,	'2024-12-03 13:43:10'),
(447,	611,	2.91,	2.37,	2.12,	1.5,	687,	'2024-12-03 13:43:54'),
(448,	612,	2.28,	2.33,	2.18,	1.45,	688,	'2024-12-03 13:44:05'),
(449,	613,	2.76,	2.24,	2.18,	1.44,	689,	'2024-12-03 13:44:16'),
(450,	614,	2.72,	2.26,	2.05,	1.58,	690,	'2024-12-03 13:44:27'),
(451,	615,	2.37,	2.32,	2.03,	1.55,	691,	'2024-12-03 13:44:38'),
(452,	616,	2.94,	2.37,	2.03,	1.5,	692,	'2024-12-03 13:44:49'),
(453,	617,	2.21,	2.35,	2.07,	1.57,	693,	'2024-12-03 13:45:00'),
(454,	619,	2.25,	2.34,	1.9,	1.56,	695,	'2024-12-03 13:45:22'),
(455,	620,	2.14,	2.25,	2.12,	1.48,	696,	'2024-12-03 13:45:33'),
(456,	621,	2.82,	2.38,	2.13,	1.41,	697,	'2024-12-03 13:45:44'),
(457,	622,	2.56,	2.38,	1.8,	1.51,	698,	'2024-12-03 13:45:55'),
(458,	623,	2.03,	2.36,	2.18,	1.43,	699,	'2024-12-03 13:46:06'),
(459,	624,	2.37,	2.22,	1.82,	1.54,	700,	'2024-12-03 13:46:17'),
(460,	625,	2.35,	2.31,	1.85,	1.42,	701,	'2024-12-03 13:46:28'),
(461,	626,	2.97,	2.36,	1.91,	1.49,	702,	'2024-12-03 13:46:39'),
(462,	627,	2.63,	2.21,	2.09,	1.47,	703,	'2024-12-03 13:46:50'),
(463,	628,	2.35,	2.36,	1.92,	1.55,	704,	'2024-12-03 13:47:01'),
(464,	629,	2.83,	2.21,	2.05,	1.47,	705,	'2024-12-03 13:47:12'),
(465,	630,	2.75,	2.21,	2.03,	1.56,	706,	'2024-12-03 13:47:23'),
(466,	631,	2.93,	2.37,	1.89,	1.52,	707,	'2024-12-03 13:47:34'),
(467,	632,	2.46,	2.25,	1.99,	1.47,	709,	'2024-12-03 13:47:56'),
(468,	633,	2.3,	2.24,	1.99,	1.43,	710,	'2024-12-03 13:48:07'),
(469,	634,	2.12,	2.3,	2.18,	1.53,	711,	'2024-12-03 13:48:18'),
(470,	635,	2.58,	2.39,	1.94,	1.54,	712,	'2024-12-03 13:48:29'),
(471,	636,	2.83,	2.38,	2.1,	1.4,	714,	'2024-12-03 13:48:51'),
(472,	637,	2.02,	2.33,	1.97,	1.58,	715,	'2024-12-03 13:49:02'),
(473,	638,	2.66,	2.23,	1.8,	1.58,	716,	'2024-12-03 13:49:13'),
(474,	639,	2.93,	2.32,	2.1,	1.45,	717,	'2024-12-03 13:49:24'),
(475,	640,	2.75,	2.23,	2.18,	1.44,	718,	'2024-12-03 13:49:35'),
(476,	643,	2.18,	2.22,	2.16,	1.57,	724,	'2024-12-03 13:50:41'),
(477,	644,	2.89,	2.2,	1.93,	1.42,	725,	'2024-12-03 13:50:52'),
(478,	645,	2.1,	2.26,	2.02,	1.57,	726,	'2024-12-03 13:51:03'),
(479,	646,	2.63,	2.22,	2.06,	1.49,	727,	'2024-12-03 13:51:14');

DROP TABLE IF EXISTS `node_send_logs`;
CREATE TABLE `node_send_logs` (
  `id` int(11) NOT NULL AUTO_INCREMENT,
  `node_id` int(11) NOT NULL,
  `delay` int(11) DEFAULT NULL,
  `payload_size` int(11) DEFAULT NULL,
  `throughput` float DEFAULT NULL,
  `sequence` bigint(20) NOT NULL,
  `created_at` timestamp NOT NULL DEFAULT CURRENT_TIMESTAMP,
  PRIMARY KEY (`id`)
) ENGINE=InnoDB DEFAULT CHARSET=utf8mb4;

INSERT INTO `node_send_logs` (`id`, `node_id`, `delay`, `payload_size`, `throughput`, `sequence`, `created_at`) VALUES
(9,	1,	6008,	0,	219.707,	1,	'2024-12-03 10:16:21'),
(10,	1,	6010,	0,	219.634,	2,	'2024-12-03 10:16:31'),
(11,	1,	6012,	0,	219.561,	1,	'2024-12-03 10:19:08'),
(12,	1,	6012,	0,	219.561,	1,	'2024-12-03 10:22:57'),
(13,	1,	6010,	0,	219.634,	2,	'2024-12-03 10:23:08'),
(14,	1,	6010,	0,	219.634,	3,	'2024-12-03 10:23:19'),
(15,	1,	6011,	0,	219.597,	4,	'2024-12-03 10:23:30'),
(16,	1,	6009,	0,	219.671,	5,	'2024-12-03 10:23:41'),
(17,	1,	6006,	0,	219.78,	6,	'2024-12-03 10:23:52'),
(18,	1,	6007,	0,	219.744,	7,	'2024-12-03 10:24:03'),
(19,	1,	6007,	0,	211.753,	8,	'2024-12-03 10:24:14'),
(20,	1,	6009,	0,	219.671,	9,	'2024-12-03 10:24:25'),
(21,	1,	6007,	0,	210.421,	10,	'2024-12-03 10:24:36'),
(22,	1,	6007,	0,	223.739,	11,	'2024-12-03 10:24:47'),
(23,	1,	6009,	0,	223.665,	12,	'2024-12-03 10:24:58'),
(24,	1,	6009,	0,	223.665,	13,	'2024-12-03 10:25:09'),
(25,	1,	6007,	0,	206.426,	14,	'2024-12-03 10:25:20'),
(26,	1,	6005,	0,	215.82,	15,	'2024-12-03 10:25:31'),
(27,	1,	6007,	0,	223.739,	16,	'2024-12-03 10:25:42'),
(28,	1,	6009,	3179,	4232.32,	17,	'2024-12-03 10:25:53'),
(29,	1,	6010,	175,	232.945,	1,	'2024-12-03 10:30:55'),
(30,	1,	6008,	368,	490.013,	2,	'2024-12-03 10:31:06'),
(31,	1,	6008,	556,	740.346,	3,	'2024-12-03 10:31:45'),
(32,	1,	6005,	235,	313.072,	4,	'2024-12-03 10:31:56'),
(33,	1,	6009,	1859,	2474.95,	10,	'2024-12-03 10:33:02'),
(34,	1,	6009,	2051,	2730.57,	11,	'2024-12-03 10:33:13'),
(35,	1,	6008,	2235,	2976.03,	12,	'2024-12-03 10:33:24'),
(36,	1,	6008,	2426,	3230.36,	13,	'2024-12-03 10:33:35'),
(37,	1,	6008,	2610,	3475.37,	14,	'2024-12-03 10:33:46'),
(38,	1,	6008,	2802,	3731.03,	15,	'2024-12-03 10:33:57'),
(39,	1,	6009,	2994,	3986.02,	16,	'2024-12-03 10:34:08'),
(40,	1,	6009,	3179,	4232.32,	17,	'2024-12-03 10:34:19'),
(41,	1,	6009,	3371,	4487.93,	18,	'2024-12-03 10:34:30'),
(42,	1,	6009,	3563,	4743.55,	19,	'2024-12-03 10:34:41'),
(43,	1,	6009,	3753,	4996.51,	20,	'2024-12-03 10:34:52'),
(44,	1,	6009,	230,	306.207,	21,	'2024-12-03 10:35:03'),
(45,	1,	6009,	202,	268.93,	1,	'2024-12-03 10:42:13'),
(46,	1,	6009,	235,	312.864,	2,	'2024-12-03 10:42:24'),
(47,	1,	6008,	226,	300.932,	3,	'2024-12-03 10:42:35'),
(48,	1,	6007,	235,	312.968,	5,	'2024-12-03 10:42:57'),
(49,	1,	NULL,	NULL,	NULL,	6,	'2024-12-03 10:43:08'),
(50,	1,	6008,	235,	312.916,	9,	'2024-12-03 10:43:41'),
(51,	1,	6009,	239,	318.189,	10,	'2024-12-03 10:43:52'),
(52,	1,	6009,	237,	315.527,	11,	'2024-12-03 10:44:03'),
(53,	1,	6009,	239,	318.189,	12,	'2024-12-03 10:44:14'),
(54,	1,	6009,	238,	316.858,	13,	'2024-12-03 10:44:25'),
(55,	1,	6009,	238,	316.858,	14,	'2024-12-03 10:44:36'),
(56,	1,	6008,	230,	306.258,	15,	'2024-12-03 10:44:47'),
(57,	1,	6009,	233,	310.201,	16,	'2024-12-03 10:44:58'),
(58,	1,	6009,	238,	316.858,	17,	'2024-12-03 10:45:09'),
(59,	1,	6008,	239,	318.242,	18,	'2024-12-03 10:45:20'),
(60,	1,	6009,	239,	318.189,	19,	'2024-12-03 10:45:31'),
(61,	1,	6009,	239,	318.189,	20,	'2024-12-03 10:45:42'),
(62,	1,	6009,	230,	306.207,	21,	'2024-12-03 10:45:53'),
(63,	1,	6008,	239,	318.242,	22,	'2024-12-03 10:46:04'),
(64,	1,	6009,	230,	306.207,	23,	'2024-12-03 10:46:15'),
(65,	1,	6009,	239,	318.189,	24,	'2024-12-03 10:46:26'),
(66,	1,	6009,	239,	318.189,	25,	'2024-12-03 10:46:37'),
(67,	1,	6005,	239,	318.401,	26,	'2024-12-03 10:46:48'),
(68,	1,	NULL,	NULL,	NULL,	27,	'2024-12-03 10:46:59'),
(69,	1,	6011,	239,	318.084,	30,	'2024-12-03 10:47:32'),
(70,	1,	6011,	239,	318.084,	31,	'2024-12-03 10:47:43'),
(71,	1,	6011,	239,	318.084,	32,	'2024-12-03 10:47:54'),
(72,	1,	6008,	239,	318.242,	33,	'2024-12-03 10:48:05'),
(73,	1,	6007,	239,	318.295,	34,	'2024-12-03 10:48:16'),
(74,	1,	6009,	239,	318.189,	35,	'2024-12-03 10:48:27'),
(75,	1,	6008,	238,	316.911,	42,	'2024-12-03 10:49:44'),
(76,	1,	6009,	238,	316.858,	43,	'2024-12-03 10:49:55'),
(77,	1,	6009,	239,	318.189,	44,	'2024-12-03 10:50:06'),
(78,	1,	6008,	239,	318.242,	46,	'2024-12-03 10:50:28'),
(79,	1,	6009,	239,	318.189,	47,	'2024-12-03 10:50:39'),
(80,	1,	6008,	239,	318.242,	48,	'2024-12-03 10:50:50'),
(81,	1,	6008,	239,	318.242,	49,	'2024-12-03 10:51:01'),
(82,	1,	6008,	239,	318.242,	50,	'2024-12-03 10:51:12'),
(83,	1,	NULL,	NULL,	NULL,	51,	'2024-12-03 10:51:23'),
(84,	1,	NULL,	NULL,	NULL,	52,	'2024-12-03 10:51:34'),
(85,	1,	6008,	239,	318.242,	53,	'2024-12-03 10:51:45'),
(86,	1,	6009,	238,	316.858,	54,	'2024-12-03 10:51:56'),
(87,	1,	6009,	239,	318.189,	55,	'2024-12-03 10:52:07'),
(88,	1,	6009,	239,	318.189,	56,	'2024-12-03 10:52:18'),
(89,	1,	6007,	239,	318.295,	57,	'2024-12-03 10:52:29'),
(90,	1,	6009,	239,	318.189,	58,	'2024-12-03 10:52:40'),
(91,	1,	6007,	230,	306.309,	59,	'2024-12-03 10:52:51'),
(92,	1,	NULL,	NULL,	NULL,	60,	'2024-12-03 10:53:02'),
(93,	1,	NULL,	NULL,	NULL,	61,	'2024-12-03 10:53:13'),
(94,	1,	6008,	231,	307.59,	62,	'2024-12-03 10:53:24'),
(95,	1,	6006,	232,	309.024,	63,	'2024-12-03 10:53:35'),
(96,	1,	6009,	229,	304.876,	64,	'2024-12-03 10:53:46'),
(97,	1,	6007,	239,	318.295,	65,	'2024-12-03 10:53:57'),
(98,	1,	6008,	238,	316.911,	66,	'2024-12-03 10:54:08'),
(99,	1,	NULL,	NULL,	NULL,	67,	'2024-12-03 10:54:19'),
(100,	1,	6008,	239,	318.242,	69,	'2024-12-03 10:54:41'),
(101,	1,	NULL,	NULL,	NULL,	70,	'2024-12-03 10:54:52'),
(102,	1,	NULL,	NULL,	NULL,	71,	'2024-12-03 10:55:03'),
(103,	1,	NULL,	NULL,	NULL,	72,	'2024-12-03 10:55:14'),
(104,	1,	NULL,	NULL,	NULL,	73,	'2024-12-03 10:55:25'),
(105,	1,	NULL,	NULL,	NULL,	74,	'2024-12-03 10:55:36'),
(106,	1,	6008,	238,	316.911,	75,	'2024-12-03 10:55:47'),
(107,	1,	6007,	239,	318.295,	76,	'2024-12-03 10:55:58'),
(108,	1,	NULL,	NULL,	NULL,	77,	'2024-12-03 10:56:09'),
(109,	1,	NULL,	NULL,	NULL,	78,	'2024-12-03 10:56:20'),
(110,	1,	6008,	230,	306.258,	79,	'2024-12-03 10:56:31'),
(111,	1,	NULL,	NULL,	NULL,	80,	'2024-12-03 10:56:42'),
(112,	1,	6008,	239,	318.242,	81,	'2024-12-03 10:56:53'),
(113,	1,	6009,	239,	318.189,	82,	'2024-12-03 10:57:04'),
(114,	1,	6008,	238,	316.911,	83,	'2024-12-03 10:57:15'),
(115,	1,	NULL,	NULL,	NULL,	84,	'2024-12-03 10:57:26'),
(116,	1,	NULL,	NULL,	NULL,	85,	'2024-12-03 10:57:37'),
(117,	1,	NULL,	NULL,	NULL,	86,	'2024-12-03 10:57:48'),
(118,	1,	6007,	239,	318.295,	87,	'2024-12-03 10:57:59'),
(119,	1,	NULL,	NULL,	NULL,	88,	'2024-12-03 10:58:10'),
(120,	1,	NULL,	NULL,	NULL,	89,	'2024-12-03 10:58:21'),
(121,	1,	6007,	239,	318.295,	90,	'2024-12-03 10:58:32'),
(122,	1,	6007,	239,	318.295,	91,	'2024-12-03 10:58:43'),
(123,	1,	6008,	239,	318.242,	92,	'2024-12-03 10:58:54'),
(124,	1,	NULL,	NULL,	NULL,	93,	'2024-12-03 10:59:05'),
(125,	1,	6008,	238,	316.911,	94,	'2024-12-03 10:59:16'),
(126,	1,	NULL,	NULL,	NULL,	95,	'2024-12-03 10:59:27'),
(127,	1,	6008,	239,	318.242,	96,	'2024-12-03 10:59:38'),
(128,	1,	6011,	239,	318.084,	97,	'2024-12-03 10:59:49'),
(129,	1,	6010,	238,	316.805,	98,	'2024-12-03 11:00:00'),
(130,	1,	6011,	238,	316.753,	99,	'2024-12-03 11:00:11'),
(131,	1,	6011,	243,	323.407,	100,	'2024-12-03 11:00:22'),
(132,	1,	6009,	242,	322.183,	101,	'2024-12-03 11:00:33'),
(133,	1,	6008,	243,	323.569,	102,	'2024-12-03 11:00:44'),
(134,	1,	6009,	235,	312.864,	103,	'2024-12-03 11:00:55'),
(135,	1,	6009,	243,	323.515,	104,	'2024-12-03 11:01:06'),
(136,	1,	6009,	241,	320.852,	105,	'2024-12-03 11:01:17'),
(137,	1,	6009,	243,	323.515,	106,	'2024-12-03 11:01:28'),
(138,	1,	6009,	234,	311.533,	107,	'2024-12-03 11:01:39'),
(139,	1,	6009,	233,	310.201,	108,	'2024-12-03 11:01:50'),
(140,	1,	6008,	242,	322.237,	109,	'2024-12-03 11:02:01'),
(141,	1,	6009,	241,	320.852,	110,	'2024-12-03 11:02:12'),
(142,	1,	6008,	242,	322.237,	111,	'2024-12-03 11:02:23'),
(143,	1,	6009,	240,	319.521,	112,	'2024-12-03 11:02:34'),
(144,	1,	6008,	235,	312.916,	113,	'2024-12-03 11:02:45'),
(145,	1,	6009,	243,	323.515,	114,	'2024-12-03 11:02:56'),
(146,	1,	6008,	241,	320.905,	115,	'2024-12-03 11:03:07'),
(147,	1,	6009,	235,	312.864,	116,	'2024-12-03 11:03:18'),
(148,	1,	6008,	243,	323.569,	117,	'2024-12-03 11:03:29'),
(149,	1,	6009,	227,	302.213,	118,	'2024-12-03 11:03:40'),
(150,	1,	NULL,	NULL,	NULL,	119,	'2024-12-03 11:03:52'),
(151,	1,	NULL,	NULL,	NULL,	1,	'2024-12-03 11:38:02'),
(152,	1,	6009,	221,	294.225,	4,	'2024-12-03 11:38:35'),
(153,	1,	6008,	234,	311.585,	5,	'2024-12-03 11:38:46'),
(154,	1,	NULL,	NULL,	NULL,	6,	'2024-12-03 11:38:57'),
(155,	1,	6008,	225,	299.601,	9,	'2024-12-03 11:39:30'),
(156,	1,	6008,	232,	308.921,	10,	'2024-12-03 11:39:41'),
(157,	1,	6008,	223,	296.937,	11,	'2024-12-03 11:39:52'),
(158,	1,	6008,	239,	318.242,	12,	'2024-12-03 11:40:03'),
(159,	1,	6008,	239,	318.242,	13,	'2024-12-03 11:40:14'),
(160,	1,	6009,	239,	318.189,	14,	'2024-12-03 11:40:25'),
(161,	1,	6009,	239,	318.189,	15,	'2024-12-03 11:40:36'),
(162,	1,	6008,	231,	307.59,	16,	'2024-12-03 11:40:47'),
(163,	1,	NULL,	NULL,	NULL,	17,	'2024-12-03 11:40:58'),
(164,	1,	NULL,	NULL,	NULL,	19,	'2024-12-03 11:41:20'),
(165,	1,	6008,	231,	307.59,	21,	'2024-12-03 11:41:42'),
(166,	1,	6009,	238,	316.858,	22,	'2024-12-03 11:41:53'),
(167,	1,	6009,	229,	304.876,	23,	'2024-12-03 11:42:04'),
(168,	1,	6008,	239,	318.242,	24,	'2024-12-03 11:42:15'),
(169,	1,	6008,	239,	318.242,	25,	'2024-12-03 11:42:26'),
(170,	1,	6009,	232,	308.87,	26,	'2024-12-03 11:42:37'),
(171,	1,	NULL,	NULL,	NULL,	27,	'2024-12-03 11:42:48'),
(172,	1,	6009,	238,	316.858,	29,	'2024-12-03 11:43:10'),
(173,	1,	6008,	238,	316.911,	30,	'2024-12-03 11:43:21'),
(174,	1,	6009,	239,	318.189,	31,	'2024-12-03 11:43:32'),
(175,	1,	6009,	239,	318.189,	32,	'2024-12-03 11:43:43'),
(176,	1,	6009,	239,	318.189,	33,	'2024-12-03 11:43:54'),
(177,	1,	6008,	239,	318.242,	34,	'2024-12-03 11:44:05'),
(178,	1,	6009,	239,	318.189,	35,	'2024-12-03 11:44:16'),
(179,	1,	6008,	239,	318.242,	36,	'2024-12-03 11:44:27'),
(180,	1,	6019,	239,	317.661,	37,	'2024-12-03 11:44:38'),
(181,	1,	6007,	239,	318.295,	38,	'2024-12-03 11:44:49'),
(182,	1,	6007,	231,	307.641,	39,	'2024-12-03 11:45:00'),
(183,	1,	6008,	239,	318.242,	40,	'2024-12-03 11:45:11'),
(184,	1,	6007,	224,	298.319,	41,	'2024-12-03 11:45:22'),
(185,	1,	6008,	238,	316.911,	42,	'2024-12-03 11:45:34'),
(186,	1,	6009,	238,	316.858,	43,	'2024-12-03 11:45:44'),
(187,	1,	6009,	239,	318.189,	44,	'2024-12-03 11:45:55'),
(188,	1,	NULL,	NULL,	NULL,	45,	'2024-12-03 11:46:07'),
(189,	1,	6009,	239,	318.189,	47,	'2024-12-03 11:46:28'),
(190,	1,	6008,	239,	318.242,	48,	'2024-12-03 11:46:39'),
(191,	1,	6008,	239,	318.242,	49,	'2024-12-03 11:46:50'),
(192,	1,	6008,	239,	318.242,	50,	'2024-12-03 11:47:01'),
(193,	1,	NULL,	NULL,	NULL,	51,	'2024-12-03 11:47:13'),
(194,	1,	6009,	238,	316.858,	54,	'2024-12-03 11:47:45'),
(195,	1,	6009,	239,	318.189,	55,	'2024-12-03 11:47:57'),
(196,	1,	6009,	239,	318.189,	56,	'2024-12-03 11:48:08'),
(197,	1,	6007,	239,	318.295,	57,	'2024-12-03 11:48:19'),
(198,	1,	6009,	239,	318.189,	58,	'2024-12-03 11:48:30'),
(199,	1,	6007,	230,	306.309,	59,	'2024-12-03 11:48:41'),
(200,	1,	NULL,	NULL,	NULL,	60,	'2024-12-03 11:48:52'),
(201,	1,	6006,	232,	309.024,	63,	'2024-12-03 11:49:25'),
(202,	1,	6009,	229,	304.876,	64,	'2024-12-03 11:49:36'),
(203,	1,	6007,	239,	318.295,	65,	'2024-12-03 11:49:47'),
(204,	1,	6008,	238,	316.911,	66,	'2024-12-03 11:49:58'),
(205,	1,	NULL,	NULL,	NULL,	67,	'2024-12-03 11:50:09'),
(206,	1,	NULL,	NULL,	NULL,	70,	'2024-12-03 11:50:42'),
(207,	1,	6007,	239,	318.295,	76,	'2024-12-03 11:51:48'),
(208,	1,	NULL,	NULL,	NULL,	77,	'2024-12-03 11:51:59'),
(209,	1,	NULL,	NULL,	NULL,	80,	'2024-12-03 11:52:32'),
(210,	1,	6009,	239,	318.189,	82,	'2024-12-03 11:52:54'),
(211,	1,	6008,	238,	316.911,	83,	'2024-12-03 11:53:05'),
(212,	1,	NULL,	NULL,	NULL,	84,	'2024-12-03 11:53:16'),
(213,	1,	NULL,	NULL,	NULL,	88,	'2024-12-03 11:54:00'),
(214,	1,	6007,	239,	318.295,	91,	'2024-12-03 11:54:33'),
(215,	1,	6008,	239,	318.242,	92,	'2024-12-03 11:54:44'),
(216,	1,	NULL,	NULL,	NULL,	93,	'2024-12-03 11:54:55'),
(217,	1,	NULL,	NULL,	NULL,	95,	'2024-12-03 11:55:17'),
(218,	1,	6010,	238,	316.805,	99,	'2024-12-03 11:56:01'),
(219,	1,	6008,	237,	315.579,	100,	'2024-12-03 11:56:12'),
(220,	1,	6009,	243,	323.515,	101,	'2024-12-03 11:56:23'),
(221,	1,	6009,	241,	320.852,	102,	'2024-12-03 11:56:34'),
(222,	1,	6009,	243,	323.515,	103,	'2024-12-03 11:56:45'),
(223,	1,	6009,	241,	320.852,	104,	'2024-12-03 11:56:56'),
(224,	1,	6009,	236,	314.195,	105,	'2024-12-03 11:57:07'),
(225,	1,	NULL,	NULL,	NULL,	106,	'2024-12-03 11:57:18'),
(226,	1,	NULL,	NULL,	NULL,	108,	'2024-12-03 11:57:40'),
(227,	1,	NULL,	NULL,	NULL,	111,	'2024-12-03 11:58:13'),
(228,	1,	6008,	235,	312.916,	113,	'2024-12-03 11:58:35'),
(229,	1,	NULL,	NULL,	NULL,	114,	'2024-12-03 11:58:46'),
(230,	1,	6008,	242,	322.237,	116,	'2024-12-03 11:59:08'),
(231,	1,	NULL,	NULL,	NULL,	117,	'2024-12-03 11:59:19'),
(232,	1,	NULL,	NULL,	NULL,	119,	'2024-12-03 11:59:41'),
(233,	1,	NULL,	NULL,	NULL,	121,	'2024-12-03 12:00:03'),
(234,	1,	6008,	242,	322.237,	124,	'2024-12-03 12:00:36'),
(235,	1,	NULL,	NULL,	NULL,	125,	'2024-12-03 12:00:47'),
(236,	1,	6008,	240,	319.574,	130,	'2024-12-03 12:01:42'),
(237,	1,	NULL,	NULL,	NULL,	131,	'2024-12-03 12:01:53'),
(238,	1,	6008,	241,	320.905,	133,	'2024-12-03 12:02:15'),
(239,	1,	6009,	243,	323.515,	134,	'2024-12-03 12:02:26'),
(240,	1,	6009,	231,	307.539,	135,	'2024-12-03 12:02:37'),
(241,	1,	6009,	242,	322.183,	136,	'2024-12-03 12:02:48'),
(242,	1,	6009,	243,	323.515,	137,	'2024-12-03 12:02:59'),
(243,	1,	6009,	235,	312.864,	138,	'2024-12-03 12:03:10'),
(244,	1,	6009,	243,	323.515,	139,	'2024-12-03 12:03:21'),
(245,	1,	6009,	241,	320.852,	140,	'2024-12-03 12:03:32'),
(246,	1,	6008,	227,	302.264,	141,	'2024-12-03 12:03:43'),
(247,	1,	6009,	230,	306.207,	142,	'2024-12-03 12:03:54'),
(248,	1,	6008,	243,	323.569,	143,	'2024-12-03 12:04:05'),
(249,	1,	6009,	241,	320.852,	144,	'2024-12-03 12:04:16'),
(250,	1,	6009,	243,	323.515,	145,	'2024-12-03 12:04:27'),
(251,	1,	6009,	230,	306.207,	146,	'2024-12-03 12:04:38'),
(252,	1,	6009,	236,	314.195,	147,	'2024-12-03 12:04:49'),
(253,	1,	6008,	243,	323.569,	148,	'2024-12-03 12:05:00'),
(254,	1,	6007,	225,	299.65,	149,	'2024-12-03 12:05:11'),
(255,	1,	6008,	243,	323.569,	150,	'2024-12-03 12:05:22'),
(256,	1,	6009,	241,	320.852,	151,	'2024-12-03 12:05:33'),
(257,	1,	NULL,	NULL,	NULL,	152,	'2024-12-03 12:05:44'),
(258,	1,	NULL,	NULL,	NULL,	156,	'2024-12-03 12:06:28'),
(259,	1,	6008,	243,	323.569,	158,	'2024-12-03 12:06:50'),
(260,	1,	NULL,	NULL,	NULL,	159,	'2024-12-03 12:07:01'),
(261,	1,	6008,	242,	322.237,	161,	'2024-12-03 12:07:23'),
(262,	1,	NULL,	NULL,	NULL,	162,	'2024-12-03 12:07:34'),
(263,	1,	NULL,	NULL,	NULL,	168,	'2024-12-03 12:08:41'),
(264,	1,	NULL,	NULL,	NULL,	170,	'2024-12-03 12:09:02'),
(265,	1,	NULL,	NULL,	NULL,	172,	'2024-12-03 12:09:24'),
(266,	1,	6009,	243,	323.515,	174,	'2024-12-03 12:09:47'),
(267,	1,	6008,	241,	320.905,	175,	'2024-12-03 12:09:57'),
(268,	1,	NULL,	NULL,	NULL,	176,	'2024-12-03 12:10:08'),
(269,	1,	6009,	243,	323.515,	178,	'2024-12-03 12:10:31'),
(270,	1,	6008,	241,	320.905,	179,	'2024-12-03 12:10:41'),
(271,	1,	NULL,	NULL,	NULL,	180,	'2024-12-03 12:10:53'),
(272,	1,	NULL,	NULL,	NULL,	186,	'2024-12-03 12:11:59'),
(273,	1,	6008,	242,	322.237,	195,	'2024-12-03 12:13:38'),
(274,	1,	6007,	241,	320.959,	196,	'2024-12-03 12:13:49'),
(275,	1,	6008,	226,	300.932,	197,	'2024-12-03 12:14:00'),
(276,	1,	NULL,	NULL,	NULL,	198,	'2024-12-03 12:14:11'),
(277,	1,	NULL,	NULL,	NULL,	201,	'2024-12-03 12:14:44'),
(278,	1,	6007,	242,	322.291,	208,	'2024-12-03 12:16:01'),
(279,	1,	6007,	243,	323.622,	209,	'2024-12-03 12:16:12'),
(280,	1,	6007,	243,	323.622,	210,	'2024-12-03 12:16:23'),
(281,	1,	6009,	235,	312.864,	211,	'2024-12-03 12:16:34'),
(282,	1,	6008,	233,	310.253,	212,	'2024-12-03 12:16:45'),
(283,	1,	NULL,	NULL,	NULL,	213,	'2024-12-03 12:16:56'),
(284,	1,	NULL,	NULL,	NULL,	215,	'2024-12-03 12:17:18'),
(285,	1,	NULL,	NULL,	NULL,	224,	'2024-12-03 12:18:57'),
(286,	1,	NULL,	NULL,	NULL,	227,	'2024-12-03 12:19:30'),
(287,	1,	6007,	243,	323.622,	231,	'2024-12-03 12:20:14'),
(288,	1,	6005,	243,	323.73,	232,	'2024-12-03 12:20:25'),
(289,	1,	6006,	243,	323.676,	233,	'2024-12-03 12:20:36'),
(290,	1,	NULL,	NULL,	NULL,	234,	'2024-12-03 12:20:47'),
(291,	1,	NULL,	NULL,	NULL,	236,	'2024-12-03 12:21:09'),
(292,	1,	6007,	242,	322.291,	239,	'2024-12-03 12:21:42'),
(293,	1,	6006,	237,	315.684,	240,	'2024-12-03 12:21:53'),
(294,	1,	NULL,	NULL,	NULL,	241,	'2024-12-03 12:22:04'),
(295,	1,	6007,	241,	320.959,	243,	'2024-12-03 12:22:26'),
(296,	1,	6007,	235,	312.968,	244,	'2024-12-03 12:22:37'),
(297,	1,	6006,	243,	323.676,	245,	'2024-12-03 12:22:48'),
(298,	1,	6008,	243,	323.569,	246,	'2024-12-03 12:22:59'),
(299,	1,	NULL,	NULL,	NULL,	247,	'2024-12-03 12:23:10'),
(300,	1,	6008,	242,	322.237,	250,	'2024-12-03 12:23:43'),
(301,	1,	NULL,	NULL,	NULL,	251,	'2024-12-03 12:23:54'),
(302,	1,	NULL,	NULL,	NULL,	253,	'2024-12-03 12:24:16'),
(303,	1,	NULL,	NULL,	NULL,	259,	'2024-12-03 12:25:22'),
(304,	1,	NULL,	NULL,	NULL,	263,	'2024-12-03 12:26:06'),
(305,	1,	6005,	242,	322.398,	267,	'2024-12-03 12:26:50'),
(306,	1,	NULL,	NULL,	NULL,	268,	'2024-12-03 12:27:01'),
(307,	1,	NULL,	NULL,	NULL,	271,	'2024-12-03 12:27:34'),
(308,	1,	NULL,	NULL,	NULL,	274,	'2024-12-03 12:28:07'),
(309,	1,	NULL,	NULL,	NULL,	279,	'2024-12-03 12:29:02'),
(310,	1,	6008,	242,	322.237,	281,	'2024-12-03 12:29:24'),
(311,	1,	NULL,	NULL,	NULL,	282,	'2024-12-03 12:29:35'),
(312,	1,	6007,	235,	312.968,	285,	'2024-12-03 12:30:08'),
(313,	1,	6006,	243,	323.676,	286,	'2024-12-03 12:30:19'),
(314,	1,	NULL,	NULL,	NULL,	287,	'2024-12-03 12:30:30'),
(315,	1,	NULL,	NULL,	NULL,	289,	'2024-12-03 12:30:52'),
(316,	1,	NULL,	NULL,	NULL,	291,	'2024-12-03 12:31:14'),
(317,	1,	6005,	243,	323.73,	294,	'2024-12-03 12:31:47'),
(318,	1,	6007,	243,	323.622,	295,	'2024-12-03 12:31:58'),
(319,	1,	NULL,	NULL,	NULL,	296,	'2024-12-03 12:32:09'),
(320,	1,	NULL,	NULL,	NULL,	300,	'2024-12-03 12:32:53'),
(321,	1,	6005,	242,	322.398,	302,	'2024-12-03 12:33:15'),
(322,	1,	6006,	243,	323.676,	303,	'2024-12-03 12:33:26'),
(323,	1,	6008,	243,	323.569,	304,	'2024-12-03 12:33:37'),
(324,	1,	6009,	242,	322.183,	305,	'2024-12-03 12:33:48'),
(325,	1,	6007,	243,	323.622,	306,	'2024-12-03 12:33:59'),
(326,	1,	6007,	243,	323.622,	307,	'2024-12-03 12:34:10'),
(327,	1,	6009,	242,	322.183,	308,	'2024-12-03 12:34:21'),
(328,	1,	6009,	243,	323.515,	309,	'2024-12-03 12:34:32'),
(329,	1,	6009,	241,	320.852,	310,	'2024-12-03 12:34:43'),
(330,	1,	6007,	235,	312.968,	311,	'2024-12-03 12:34:54'),
(331,	1,	6009,	243,	323.515,	312,	'2024-12-03 12:35:05'),
(332,	1,	6007,	235,	312.968,	313,	'2024-12-03 12:35:16'),
(333,	1,	6009,	236,	314.195,	314,	'2024-12-03 12:35:27'),
(334,	1,	6007,	235,	312.968,	315,	'2024-12-03 12:35:38'),
(335,	1,	6007,	236,	314.3,	316,	'2024-12-03 12:35:49'),
(336,	1,	NULL,	NULL,	NULL,	317,	'2024-12-03 12:36:00'),
(337,	1,	NULL,	NULL,	NULL,	319,	'2024-12-03 12:36:22'),
(338,	1,	6008,	233,	310.253,	322,	'2024-12-03 12:36:55'),
(339,	1,	6008,	243,	323.569,	323,	'2024-12-03 12:37:06'),
(340,	1,	6008,	242,	322.237,	324,	'2024-12-03 12:37:17'),
(341,	1,	NULL,	NULL,	NULL,	325,	'2024-12-03 12:37:28'),
(342,	1,	6008,	240,	319.574,	327,	'2024-12-03 12:37:50'),
(343,	1,	NULL,	NULL,	NULL,	328,	'2024-12-03 12:38:01'),
(344,	1,	6009,	242,	322.183,	330,	'2024-12-03 12:38:24'),
(345,	1,	NULL,	NULL,	NULL,	331,	'2024-12-03 12:38:34'),
(346,	1,	NULL,	NULL,	NULL,	335,	'2024-12-03 12:39:19'),
(347,	1,	6009,	242,	322.183,	337,	'2024-12-03 12:39:41'),
(348,	1,	6008,	242,	322.237,	338,	'2024-12-03 12:39:52'),
(349,	1,	6009,	241,	320.852,	339,	'2024-12-03 12:40:03'),
(350,	1,	6009,	243,	323.515,	340,	'2024-12-03 12:40:14'),
(351,	1,	6009,	234,	311.533,	341,	'2024-12-03 12:40:25'),
(352,	1,	6009,	243,	323.515,	342,	'2024-12-03 12:40:36'),
(353,	1,	6009,	241,	320.852,	343,	'2024-12-03 12:40:47'),
(354,	1,	6008,	242,	322.237,	344,	'2024-12-03 12:40:58'),
(355,	1,	6008,	241,	320.905,	345,	'2024-12-03 12:41:09'),
(356,	1,	6009,	234,	311.533,	346,	'2024-12-03 12:41:20'),
(357,	1,	NULL,	NULL,	NULL,	347,	'2024-12-03 12:41:31'),
(358,	1,	6008,	243,	323.569,	351,	'2024-12-03 12:42:15'),
(359,	1,	6008,	234,	311.585,	352,	'2024-12-03 12:42:26'),
(360,	1,	NULL,	NULL,	NULL,	353,	'2024-12-03 12:42:37'),
(361,	1,	NULL,	NULL,	NULL,	355,	'2024-12-03 12:42:59'),
(362,	1,	6009,	242,	322.183,	357,	'2024-12-03 12:43:21'),
(363,	1,	6008,	243,	323.569,	358,	'2024-12-03 12:43:32'),
(364,	1,	6008,	242,	322.237,	359,	'2024-12-03 12:43:43'),
(365,	1,	6007,	240,	319.627,	360,	'2024-12-03 12:43:54'),
(366,	1,	6008,	243,	323.569,	361,	'2024-12-03 12:44:05'),
(367,	1,	6007,	242,	322.291,	362,	'2024-12-03 12:44:16'),
(368,	1,	6008,	242,	322.237,	363,	'2024-12-03 12:44:27'),
(369,	1,	NULL,	NULL,	NULL,	364,	'2024-12-03 12:44:38'),
(370,	1,	NULL,	NULL,	NULL,	367,	'2024-12-03 12:45:11'),
(371,	1,	6009,	243,	323.515,	370,	'2024-12-03 12:45:44'),
(372,	1,	6009,	241,	320.852,	371,	'2024-12-03 12:45:55'),
(373,	1,	6009,	243,	323.515,	372,	'2024-12-03 12:46:06'),
(374,	1,	6009,	241,	320.852,	373,	'2024-12-03 12:46:17'),
(375,	1,	6008,	233,	310.253,	374,	'2024-12-03 12:46:28'),
(376,	1,	NULL,	NULL,	NULL,	375,	'2024-12-03 12:46:39'),
(377,	1,	NULL,	NULL,	NULL,	377,	'2024-12-03 12:47:01'),
(378,	1,	6007,	243,	323.622,	379,	'2024-12-03 12:47:23'),
(379,	1,	6008,	236,	314.248,	380,	'2024-12-03 12:47:34'),
(380,	1,	NULL,	NULL,	NULL,	381,	'2024-12-03 12:47:45'),
(381,	1,	6009,	235,	312.864,	384,	'2024-12-03 12:48:18'),
(382,	1,	6009,	243,	323.515,	385,	'2024-12-03 12:48:29'),
(383,	1,	6009,	233,	310.201,	386,	'2024-12-03 12:48:40'),
(384,	1,	NULL,	NULL,	NULL,	387,	'2024-12-03 12:48:51'),
(385,	1,	6008,	231,	307.59,	390,	'2024-12-03 12:49:24'),
(386,	1,	6009,	228,	303.545,	391,	'2024-12-03 12:49:35'),
(387,	1,	6009,	243,	323.515,	392,	'2024-12-03 12:49:46'),
(388,	1,	6009,	241,	320.852,	393,	'2024-12-03 12:49:57'),
(389,	1,	6009,	233,	310.201,	394,	'2024-12-03 12:50:08'),
(390,	1,	6009,	241,	320.852,	395,	'2024-12-03 12:50:19'),
(391,	1,	NULL,	NULL,	NULL,	396,	'2024-12-03 12:50:30'),
(392,	1,	6008,	243,	323.569,	398,	'2024-12-03 12:50:52'),
(393,	1,	6009,	242,	322.183,	399,	'2024-12-03 12:51:03'),
(394,	1,	6008,	236,	314.248,	400,	'2024-12-03 12:51:14'),
(395,	1,	6009,	242,	322.183,	401,	'2024-12-03 12:51:25'),
(396,	1,	6007,	242,	322.291,	402,	'2024-12-03 12:51:36'),
(397,	1,	6008,	242,	322.237,	403,	'2024-12-03 12:51:47'),
(398,	1,	6008,	241,	320.905,	404,	'2024-12-03 12:51:58'),
(399,	1,	6009,	243,	323.515,	405,	'2024-12-03 12:52:09'),
(400,	1,	6008,	241,	320.905,	406,	'2024-12-03 12:52:20'),
(401,	1,	6008,	242,	322.237,	407,	'2024-12-03 12:52:31'),
(402,	1,	NULL,	NULL,	NULL,	408,	'2024-12-03 12:52:42'),
(403,	1,	6009,	243,	323.515,	410,	'2024-12-03 12:53:04'),
(404,	1,	6008,	232,	308.921,	411,	'2024-12-03 12:53:15'),
(405,	1,	6009,	242,	322.183,	412,	'2024-12-03 12:53:26'),
(406,	1,	NULL,	NULL,	NULL,	413,	'2024-12-03 12:53:37'),
(407,	1,	6009,	235,	312.864,	415,	'2024-12-03 12:53:59'),
(408,	1,	6009,	226,	300.882,	416,	'2024-12-03 12:54:10'),
(409,	1,	6009,	242,	322.183,	417,	'2024-12-03 12:54:21'),
(410,	1,	6007,	243,	323.622,	418,	'2024-12-03 12:54:32'),
(411,	1,	6009,	235,	312.864,	419,	'2024-12-03 12:54:43'),
(412,	1,	6008,	243,	323.569,	420,	'2024-12-03 12:54:54'),
(413,	1,	6009,	242,	322.183,	421,	'2024-12-03 12:55:05'),
(414,	1,	6008,	236,	314.248,	422,	'2024-12-03 12:55:16'),
(415,	1,	6008,	235,	312.916,	423,	'2024-12-03 12:55:27'),
(416,	1,	6008,	241,	320.905,	424,	'2024-12-03 12:55:38'),
(417,	1,	6009,	233,	310.201,	425,	'2024-12-03 12:55:49'),
(418,	1,	6008,	229,	304.927,	426,	'2024-12-03 12:56:00'),
(419,	1,	6009,	243,	323.515,	427,	'2024-12-03 12:56:11'),
(420,	1,	6008,	241,	320.905,	428,	'2024-12-03 12:56:22'),
(421,	1,	6009,	243,	323.515,	429,	'2024-12-03 12:56:33'),
(422,	1,	6008,	241,	320.905,	430,	'2024-12-03 12:56:44'),
(423,	1,	6009,	243,	323.515,	431,	'2024-12-03 12:56:55'),
(424,	1,	6008,	241,	320.905,	432,	'2024-12-03 12:57:06'),
(425,	1,	NULL,	NULL,	NULL,	433,	'2024-12-03 12:57:17'),
(426,	1,	6009,	243,	323.515,	435,	'2024-12-03 12:57:39'),
(427,	1,	6007,	231,	307.641,	436,	'2024-12-03 12:57:50'),
(428,	1,	6009,	236,	314.195,	437,	'2024-12-03 12:58:01'),
(429,	1,	6008,	243,	323.569,	438,	'2024-12-03 12:58:12'),
(430,	1,	6009,	242,	322.183,	439,	'2024-12-03 12:58:23'),
(431,	1,	6008,	242,	322.237,	440,	'2024-12-03 12:58:34'),
(432,	1,	6009,	241,	320.852,	441,	'2024-12-03 12:58:45'),
(433,	1,	6008,	236,	314.248,	442,	'2024-12-03 12:58:56'),
(434,	1,	NULL,	NULL,	NULL,	443,	'2024-12-03 12:59:07'),
(435,	1,	6009,	243,	323.515,	445,	'2024-12-03 12:59:29'),
(436,	1,	NULL,	NULL,	NULL,	446,	'2024-12-03 12:59:40'),
(437,	1,	6008,	229,	304.927,	448,	'2024-12-03 13:00:02'),
(438,	1,	NULL,	NULL,	NULL,	449,	'2024-12-03 13:00:13'),
(439,	1,	6009,	243,	323.515,	451,	'2024-12-03 13:00:35'),
(440,	1,	6008,	241,	320.905,	452,	'2024-12-03 13:00:46'),
(441,	1,	6008,	243,	323.569,	453,	'2024-12-03 13:00:57'),
(442,	1,	6009,	242,	322.183,	454,	'2024-12-03 13:01:08'),
(443,	1,	NULL,	NULL,	NULL,	455,	'2024-12-03 13:01:19'),
(444,	1,	6009,	236,	314.195,	457,	'2024-12-03 13:01:42'),
(445,	1,	6008,	243,	323.569,	458,	'2024-12-03 13:01:53'),
(446,	1,	6008,	235,	312.916,	459,	'2024-12-03 13:02:04'),
(447,	1,	6008,	234,	311.585,	460,	'2024-12-03 13:02:15'),
(448,	1,	6009,	243,	323.515,	461,	'2024-12-03 13:02:26'),
(449,	1,	6007,	241,	320.959,	462,	'2024-12-03 13:02:37'),
(450,	1,	6009,	243,	323.515,	463,	'2024-12-03 13:02:48'),
(451,	1,	NULL,	NULL,	NULL,	464,	'2024-12-03 13:02:59'),
(452,	1,	6008,	234,	311.585,	467,	'2024-12-03 13:03:32'),
(453,	1,	6009,	243,	323.515,	468,	'2024-12-03 13:03:43'),
(454,	1,	6009,	235,	312.864,	469,	'2024-12-03 13:03:54'),
(455,	1,	6008,	243,	323.569,	470,	'2024-12-03 13:04:05'),
(456,	1,	6009,	234,	311.533,	471,	'2024-12-03 13:04:16'),
(457,	1,	6009,	243,	323.515,	472,	'2024-12-03 13:04:27'),
(458,	1,	6009,	241,	320.852,	473,	'2024-12-03 13:04:38'),
(459,	1,	6008,	243,	323.569,	474,	'2024-12-03 13:04:49'),
(460,	1,	6008,	242,	322.237,	475,	'2024-12-03 13:05:00'),
(461,	1,	6008,	240,	319.574,	476,	'2024-12-03 13:05:11'),
(462,	1,	NULL,	NULL,	NULL,	477,	'2024-12-03 13:05:22'),
(463,	1,	6009,	236,	314.195,	485,	'2024-12-03 13:06:50'),
(464,	1,	6009,	243,	323.515,	486,	'2024-12-03 13:07:01'),
(465,	1,	6009,	240,	319.521,	487,	'2024-12-03 13:07:12'),
(466,	1,	6009,	234,	311.533,	488,	'2024-12-03 13:07:23'),
(467,	1,	6009,	243,	323.515,	489,	'2024-12-03 13:07:34'),
(468,	1,	6008,	241,	320.905,	490,	'2024-12-03 13:07:45'),
(469,	1,	NULL,	NULL,	NULL,	491,	'2024-12-03 13:07:56'),
(470,	1,	6008,	242,	322.237,	493,	'2024-12-03 13:08:18'),
(471,	1,	6009,	241,	320.852,	494,	'2024-12-03 13:08:29'),
(472,	1,	6009,	242,	322.183,	495,	'2024-12-03 13:08:40'),
(473,	1,	6008,	243,	323.569,	496,	'2024-12-03 13:08:51'),
(474,	1,	6008,	242,	322.237,	497,	'2024-12-03 13:09:02'),
(475,	1,	6007,	241,	320.959,	498,	'2024-12-03 13:09:13'),
(476,	1,	6008,	243,	323.569,	499,	'2024-12-03 13:09:24'),
(477,	1,	NULL,	NULL,	NULL,	500,	'2024-12-03 13:09:35'),
(478,	1,	6008,	243,	323.569,	502,	'2024-12-03 13:09:57'),
(479,	1,	6008,	232,	308.921,	503,	'2024-12-03 13:10:08'),
(480,	1,	NULL,	NULL,	NULL,	504,	'2024-12-03 13:10:19'),
(481,	1,	6008,	242,	322.237,	506,	'2024-12-03 13:10:41'),
(482,	1,	6008,	241,	320.905,	507,	'2024-12-03 13:10:52'),
(483,	1,	NULL,	NULL,	NULL,	508,	'2024-12-03 13:11:03'),
(484,	1,	6008,	236,	314.248,	511,	'2024-12-03 13:11:36'),
(485,	1,	6008,	236,	314.248,	512,	'2024-12-03 13:11:47'),
(486,	1,	6009,	243,	323.515,	513,	'2024-12-03 13:11:58'),
(487,	1,	NULL,	NULL,	NULL,	514,	'2024-12-03 13:12:09'),
(488,	1,	6009,	223,	296.888,	517,	'2024-12-03 13:12:42'),
(489,	1,	6009,	237,	315.527,	518,	'2024-12-03 13:12:53'),
(490,	1,	6009,	243,	323.515,	519,	'2024-12-03 13:13:04'),
(491,	1,	6009,	241,	320.852,	520,	'2024-12-03 13:13:15'),
(492,	1,	6008,	243,	323.569,	521,	'2024-12-03 13:13:26'),
(493,	1,	NULL,	NULL,	NULL,	522,	'2024-12-03 13:13:37'),
(494,	1,	6009,	241,	320.852,	525,	'2024-12-03 13:14:10'),
(495,	1,	6009,	243,	323.515,	526,	'2024-12-03 13:14:21'),
(496,	1,	6009,	241,	320.852,	527,	'2024-12-03 13:14:32'),
(497,	1,	6009,	242,	322.183,	528,	'2024-12-03 13:14:43'),
(498,	1,	6007,	243,	323.622,	529,	'2024-12-03 13:14:54'),
(499,	1,	6009,	243,	323.515,	530,	'2024-12-03 13:15:05'),
(500,	1,	6009,	240,	319.521,	531,	'2024-12-03 13:15:16'),
(501,	1,	6009,	243,	323.515,	532,	'2024-12-03 13:15:27'),
(502,	1,	6009,	240,	319.521,	533,	'2024-12-03 13:15:38'),
(503,	1,	6009,	235,	312.864,	534,	'2024-12-03 13:15:49'),
(504,	1,	6009,	243,	323.515,	535,	'2024-12-03 13:16:00'),
(505,	1,	6008,	240,	319.574,	536,	'2024-12-03 13:16:11'),
(506,	1,	6009,	237,	315.527,	537,	'2024-12-03 13:16:22'),
(507,	1,	6007,	242,	322.291,	538,	'2024-12-03 13:16:33'),
(508,	1,	6008,	230,	306.258,	539,	'2024-12-03 13:16:44'),
(509,	1,	6008,	243,	323.569,	540,	'2024-12-03 13:16:55'),
(510,	1,	NULL,	NULL,	NULL,	541,	'2024-12-03 13:17:06'),
(511,	1,	NULL,	NULL,	NULL,	543,	'2024-12-03 13:17:28'),
(512,	1,	6008,	243,	323.569,	545,	'2024-12-03 13:17:50'),
(513,	1,	NULL,	NULL,	NULL,	546,	'2024-12-03 13:18:01'),
(514,	1,	NULL,	NULL,	NULL,	548,	'2024-12-03 13:18:23'),
(515,	1,	NULL,	NULL,	NULL,	551,	'2024-12-03 13:18:56'),
(516,	1,	6009,	242,	322.183,	554,	'2024-12-03 13:19:29'),
(517,	1,	6009,	236,	314.195,	555,	'2024-12-03 13:19:40'),
(518,	1,	6008,	243,	323.569,	556,	'2024-12-03 13:19:51'),
(519,	1,	6009,	242,	322.183,	557,	'2024-12-03 13:20:02'),
(520,	1,	6007,	243,	323.622,	558,	'2024-12-03 13:20:13'),
(521,	1,	6008,	243,	323.569,	559,	'2024-12-03 13:20:24'),
(522,	1,	6008,	242,	322.237,	560,	'2024-12-03 13:20:35'),
(523,	1,	6008,	240,	319.574,	561,	'2024-12-03 13:20:46'),
(524,	1,	6007,	242,	322.291,	562,	'2024-12-03 13:20:57'),
(525,	1,	6008,	243,	323.569,	563,	'2024-12-03 13:21:08'),
(526,	1,	NULL,	NULL,	NULL,	564,	'2024-12-03 13:21:19'),
(527,	1,	NULL,	NULL,	NULL,	566,	'2024-12-03 13:21:41'),
(528,	1,	6009,	241,	320.852,	568,	'2024-12-03 13:22:03'),
(529,	1,	NULL,	NULL,	NULL,	569,	'2024-12-03 13:22:14'),
(530,	1,	6007,	242,	322.291,	571,	'2024-12-03 13:22:37'),
(531,	1,	6008,	243,	323.569,	572,	'2024-12-03 13:22:47'),
(532,	1,	6007,	232,	308.973,	573,	'2024-12-03 13:22:58'),
(533,	1,	6006,	243,	323.676,	574,	'2024-12-03 13:23:09'),
(534,	1,	6009,	243,	323.515,	575,	'2024-12-03 13:23:20'),
(535,	1,	6008,	241,	320.905,	576,	'2024-12-03 13:23:31'),
(536,	1,	6007,	243,	323.622,	577,	'2024-12-03 13:23:42'),
(537,	1,	6006,	243,	323.676,	578,	'2024-12-03 13:23:54'),
(538,	1,	6008,	236,	314.248,	579,	'2024-12-03 13:24:04'),
(539,	1,	6008,	237,	315.579,	580,	'2024-12-03 13:24:15'),
(540,	1,	NULL,	NULL,	NULL,	581,	'2024-12-03 13:24:26'),
(541,	1,	NULL,	NULL,	NULL,	583,	'2024-12-03 13:24:49'),
(542,	1,	6004,	242,	322.452,	585,	'2024-12-03 13:25:11'),
(543,	1,	NULL,	NULL,	NULL,	586,	'2024-12-03 13:25:22'),
(544,	1,	6007,	243,	323.622,	590,	'2024-12-03 13:26:06'),
(545,	1,	NULL,	NULL,	NULL,	591,	'2024-12-03 13:26:17'),
(546,	1,	6006,	242,	322.344,	593,	'2024-12-03 13:26:39'),
(547,	1,	6007,	243,	323.622,	594,	'2024-12-03 13:26:50'),
(548,	1,	NULL,	NULL,	NULL,	595,	'2024-12-03 13:27:01'),
(549,	1,	6009,	242,	322.183,	598,	'2024-12-03 13:27:34'),
(550,	1,	6008,	243,	323.569,	599,	'2024-12-03 13:27:45'),
(551,	1,	6006,	241,	321.012,	600,	'2024-12-03 13:27:56'),
(552,	1,	6007,	237,	315.632,	601,	'2024-12-03 13:28:07'),
(553,	1,	6008,	243,	323.569,	602,	'2024-12-03 13:28:18'),
(554,	1,	NULL,	NULL,	NULL,	603,	'2024-12-03 13:28:29'),
(555,	1,	NULL,	NULL,	NULL,	605,	'2024-12-03 13:28:51'),
(556,	1,	6007,	242,	322.291,	607,	'2024-12-03 13:29:13'),
(557,	1,	6005,	243,	323.73,	608,	'2024-12-03 13:29:24'),
(558,	1,	6006,	237,	315.684,	609,	'2024-12-03 13:29:35'),
(559,	1,	6008,	235,	312.916,	610,	'2024-12-03 13:29:46'),
(560,	1,	6008,	242,	322.237,	611,	'2024-12-03 13:29:57'),
(561,	1,	6005,	241,	321.066,	612,	'2024-12-03 13:30:08'),
(562,	1,	6005,	242,	322.398,	613,	'2024-12-03 13:30:19'),
(563,	1,	6008,	242,	322.237,	614,	'2024-12-03 13:30:30'),
(564,	1,	6006,	233,	310.356,	615,	'2024-12-03 13:30:41'),
(565,	1,	NULL,	NULL,	NULL,	616,	'2024-12-03 13:30:52'),
(566,	1,	6008,	236,	314.248,	618,	'2024-12-03 13:31:14'),
(567,	1,	NULL,	NULL,	NULL,	619,	'2024-12-03 13:31:25'),
(568,	1,	6008,	243,	323.569,	622,	'2024-12-03 13:31:58'),
(569,	1,	6005,	242,	322.398,	623,	'2024-12-03 13:32:09'),
(570,	1,	6004,	243,	323.784,	624,	'2024-12-03 13:32:20'),
(571,	1,	NULL,	NULL,	NULL,	625,	'2024-12-03 13:32:31'),
(572,	1,	NULL,	NULL,	NULL,	628,	'2024-12-03 13:33:04'),
(573,	1,	6007,	235,	312.968,	630,	'2024-12-03 13:33:26'),
(574,	1,	6006,	242,	322.344,	631,	'2024-12-03 13:33:37'),
(575,	1,	6006,	243,	323.676,	632,	'2024-12-03 13:33:48'),
(576,	1,	6008,	236,	314.248,	633,	'2024-12-03 13:33:59'),
(577,	1,	NULL,	NULL,	NULL,	634,	'2024-12-03 13:34:10'),
(578,	1,	6004,	243,	323.784,	639,	'2024-12-03 13:35:05'),
(579,	1,	6006,	243,	323.676,	640,	'2024-12-03 13:35:16'),
(580,	1,	6008,	243,	323.569,	641,	'2024-12-03 13:35:27'),
(581,	1,	NULL,	NULL,	NULL,	642,	'2024-12-03 13:35:38'),
(582,	1,	6006,	243,	323.676,	644,	'2024-12-03 13:36:00'),
(583,	1,	6009,	243,	323.515,	645,	'2024-12-03 13:36:11'),
(584,	1,	6007,	234,	311.636,	646,	'2024-12-03 13:36:22'),
(585,	1,	6005,	243,	323.73,	647,	'2024-12-03 13:36:33'),
(586,	1,	NULL,	NULL,	NULL,	648,	'2024-12-03 13:36:44'),
(587,	1,	6006,	227,	302.364,	650,	'2024-12-03 13:37:06'),
(588,	1,	NULL,	NULL,	NULL,	651,	'2024-12-03 13:37:17'),
(589,	1,	6007,	243,	323.622,	653,	'2024-12-03 13:37:39'),
(590,	1,	6006,	243,	323.676,	654,	'2024-12-03 13:37:50'),
(591,	1,	6006,	237,	315.684,	655,	'2024-12-03 13:38:01'),
(592,	1,	6008,	243,	323.569,	656,	'2024-12-03 13:38:12'),
(593,	1,	6008,	233,	310.253,	657,	'2024-12-03 13:38:23'),
(594,	1,	6005,	243,	323.73,	658,	'2024-12-03 13:38:34'),
(595,	1,	6006,	242,	322.344,	659,	'2024-12-03 13:38:45'),
(596,	1,	NULL,	NULL,	NULL,	660,	'2024-12-03 13:38:56'),
(597,	1,	NULL,	NULL,	NULL,	663,	'2024-12-03 13:39:29'),
(598,	1,	6005,	241,	321.066,	666,	'2024-12-03 13:40:02'),
(599,	1,	6005,	243,	323.73,	667,	'2024-12-03 13:40:13'),
(600,	1,	NULL,	NULL,	NULL,	668,	'2024-12-03 13:40:24'),
(601,	1,	6009,	237,	315.527,	672,	'2024-12-03 13:41:08'),
(602,	1,	NULL,	NULL,	NULL,	673,	'2024-12-03 13:41:19'),
(603,	1,	6009,	242,	322.183,	676,	'2024-12-03 13:41:52'),
(604,	1,	6007,	235,	312.968,	677,	'2024-12-03 13:42:03'),
(605,	1,	6004,	243,	323.784,	678,	'2024-12-03 13:42:14'),
(606,	1,	6008,	228,	303.595,	679,	'2024-12-03 13:42:25'),
(607,	1,	6009,	242,	322.183,	680,	'2024-12-03 13:42:36'),
(608,	1,	6006,	236,	314.352,	681,	'2024-12-03 13:42:47'),
(609,	1,	6005,	242,	322.398,	682,	'2024-12-03 13:42:58'),
(610,	1,	NULL,	NULL,	NULL,	683,	'2024-12-03 13:43:09'),
(611,	1,	6008,	235,	312.916,	687,	'2024-12-03 13:43:53'),
(612,	1,	6008,	243,	323.569,	688,	'2024-12-03 13:44:04'),
(613,	1,	6005,	240,	319.734,	689,	'2024-12-03 13:44:15'),
(614,	1,	6005,	241,	321.066,	690,	'2024-12-03 13:44:26'),
(615,	1,	6008,	243,	323.569,	691,	'2024-12-03 13:44:37'),
(616,	1,	6008,	234,	311.585,	692,	'2024-12-03 13:44:48'),
(617,	1,	6005,	243,	323.73,	693,	'2024-12-03 13:44:59'),
(618,	1,	6005,	236,	314.405,	694,	'2024-12-03 13:45:10'),
(619,	1,	6009,	236,	314.195,	695,	'2024-12-03 13:45:21'),
(620,	1,	6007,	236,	314.3,	696,	'2024-12-03 13:45:32'),
(621,	1,	6004,	243,	323.784,	697,	'2024-12-03 13:45:43'),
(622,	1,	6007,	242,	322.291,	698,	'2024-12-03 13:45:54'),
(623,	1,	6009,	237,	315.527,	699,	'2024-12-03 13:46:05'),
(624,	1,	6007,	243,	323.622,	700,	'2024-12-03 13:46:16'),
(625,	1,	6005,	243,	323.73,	701,	'2024-12-03 13:46:27'),
(626,	1,	6007,	242,	322.291,	702,	'2024-12-03 13:46:38'),
(627,	1,	6008,	243,	323.569,	703,	'2024-12-03 13:46:49'),
(628,	1,	6007,	242,	322.291,	704,	'2024-12-03 13:47:00'),
(629,	1,	6005,	243,	323.73,	705,	'2024-12-03 13:47:11'),
(630,	1,	6007,	236,	314.3,	706,	'2024-12-03 13:47:22'),
(631,	1,	NULL,	NULL,	NULL,	707,	'2024-12-03 13:47:33'),
(632,	1,	6005,	235,	313.072,	709,	'2024-12-03 13:47:55'),
(633,	1,	6007,	241,	320.959,	710,	'2024-12-03 13:48:06'),
(634,	1,	6008,	243,	323.569,	711,	'2024-12-03 13:48:17'),
(635,	1,	NULL,	NULL,	NULL,	712,	'2024-12-03 13:48:28'),
(636,	1,	6007,	237,	315.632,	714,	'2024-12-03 13:48:50'),
(637,	1,	6008,	243,	323.569,	715,	'2024-12-03 13:49:01'),
(638,	1,	6007,	242,	322.291,	716,	'2024-12-03 13:49:12'),
(639,	1,	6006,	243,	323.676,	717,	'2024-12-03 13:49:23'),
(640,	1,	NULL,	NULL,	NULL,	718,	'2024-12-03 13:49:34'),
(641,	1,	NULL,	NULL,	NULL,	720,	'2024-12-03 13:49:56'),
(642,	1,	6008,	243,	323.569,	723,	'2024-12-03 13:50:29'),
(643,	1,	6007,	242,	322.291,	724,	'2024-12-03 13:50:40'),
(644,	1,	6008,	237,	315.579,	725,	'2024-12-03 13:50:51'),
(645,	1,	6007,	242,	322.291,	726,	'2024-12-03 13:51:02'),
(646,	1,	NULL,	NULL,	NULL,	727,	'2024-12-03 13:51:13');

DROP TABLE IF EXISTS `soil_moisture`;
CREATE TABLE `soil_moisture` (
  `id` int(11) NOT NULL AUTO_INCREMENT,
  `log_id` int(11) NOT NULL,
  `sensor_order` int(11) DEFAULT NULL,
  `moisture` int(11) DEFAULT NULL,
  `sequence` bigint(20) NOT NULL,
  `created_at` timestamp NOT NULL DEFAULT CURRENT_TIMESTAMP,
  PRIMARY KEY (`id`),
  KEY `log_id` (`log_id`),
  CONSTRAINT `soil_moisture_ibfk_1` FOREIGN KEY (`log_id`) REFERENCES `node_send_logs` (`id`)
) ENGINE=InnoDB DEFAULT CHARSET=utf8mb4;

INSERT INTO `soil_moisture` (`id`, `log_id`, `sensor_order`, `moisture`, `sequence`, `created_at`) VALUES
(1,	12,	1,	29,	1,	'2024-12-03 10:23:00'),
(2,	12,	2,	41,	1,	'2024-12-03 10:23:00'),
(3,	13,	1,	32,	2,	'2024-12-03 10:23:11'),
(4,	13,	2,	39,	2,	'2024-12-03 10:23:11'),
(5,	14,	1,	32,	3,	'2024-12-03 10:23:22'),
(6,	14,	2,	40,	3,	'2024-12-03 10:23:22'),
(7,	15,	1,	32,	4,	'2024-12-03 10:23:33'),
(8,	15,	2,	39,	4,	'2024-12-03 10:23:33'),
(9,	16,	1,	30,	5,	'2024-12-03 10:23:44'),
(10,	16,	2,	41,	5,	'2024-12-03 10:23:44'),
(11,	17,	1,	28,	6,	'2024-12-03 10:23:55'),
(12,	17,	2,	40,	6,	'2024-12-03 10:23:55'),
(13,	18,	1,	30,	7,	'2024-12-03 10:24:06'),
(14,	18,	2,	39,	7,	'2024-12-03 10:24:06'),
(15,	19,	1,	29,	8,	'2024-12-03 10:24:17'),
(16,	19,	2,	42,	8,	'2024-12-03 10:24:17'),
(17,	20,	1,	30,	9,	'2024-12-03 10:24:28'),
(18,	20,	2,	38,	9,	'2024-12-03 10:24:28'),
(19,	21,	1,	28,	10,	'2024-12-03 10:24:39'),
(20,	21,	2,	41,	10,	'2024-12-03 10:24:39'),
(21,	22,	1,	30,	11,	'2024-12-03 10:24:50'),
(22,	22,	2,	41,	11,	'2024-12-03 10:24:50'),
(23,	23,	1,	31,	12,	'2024-12-03 10:25:01'),
(24,	23,	2,	41,	12,	'2024-12-03 10:25:01'),
(25,	24,	1,	29,	13,	'2024-12-03 10:25:12'),
(26,	24,	2,	40,	13,	'2024-12-03 10:25:12'),
(27,	25,	1,	30,	14,	'2024-12-03 10:25:23'),
(28,	25,	2,	40,	14,	'2024-12-03 10:25:23'),
(29,	26,	1,	32,	15,	'2024-12-03 10:25:34'),
(30,	26,	2,	38,	15,	'2024-12-03 10:25:34'),
(31,	27,	1,	30,	16,	'2024-12-03 10:25:45'),
(32,	27,	2,	40,	16,	'2024-12-03 10:25:45'),
(33,	28,	1,	28,	17,	'2024-12-03 10:25:56'),
(34,	28,	2,	39,	17,	'2024-12-03 10:25:56'),
(35,	29,	1,	28,	1,	'2024-12-03 10:30:58'),
(36,	29,	2,	39,	1,	'2024-12-03 10:30:58'),
(37,	31,	1,	31,	3,	'2024-12-03 10:31:48'),
(38,	31,	2,	41,	3,	'2024-12-03 10:31:48'),
(39,	32,	1,	29,	4,	'2024-12-03 10:31:59'),
(40,	32,	2,	40,	4,	'2024-12-03 10:31:59'),
(41,	16,	1,	28,	5,	'2024-12-03 10:32:10'),
(42,	16,	2,	41,	5,	'2024-12-03 10:32:10'),
(43,	17,	1,	31,	6,	'2024-12-03 10:32:21'),
(44,	17,	2,	38,	6,	'2024-12-03 10:32:21'),
(45,	19,	1,	28,	8,	'2024-12-03 10:32:43'),
(46,	19,	2,	42,	8,	'2024-12-03 10:32:43'),
(47,	20,	1,	30,	9,	'2024-12-03 10:32:54'),
(48,	20,	2,	39,	9,	'2024-12-03 10:32:54'),
(49,	33,	1,	29,	10,	'2024-12-03 10:33:05'),
(50,	33,	2,	40,	10,	'2024-12-03 10:33:05'),
(51,	34,	1,	32,	11,	'2024-12-03 10:33:16'),
(52,	34,	2,	40,	11,	'2024-12-03 10:33:16'),
(53,	37,	1,	28,	14,	'2024-12-03 10:33:49'),
(54,	37,	2,	40,	14,	'2024-12-03 10:33:49'),
(55,	38,	1,	32,	15,	'2024-12-03 10:34:00'),
(56,	38,	2,	42,	15,	'2024-12-03 10:34:00'),
(57,	39,	1,	31,	16,	'2024-12-03 10:34:11'),
(58,	39,	2,	42,	16,	'2024-12-03 10:34:11'),
(59,	40,	1,	29,	17,	'2024-12-03 10:34:22'),
(60,	40,	2,	39,	17,	'2024-12-03 10:34:22'),
(61,	41,	1,	30,	18,	'2024-12-03 10:34:33'),
(62,	41,	2,	40,	18,	'2024-12-03 10:34:33'),
(63,	42,	1,	32,	19,	'2024-12-03 10:34:44'),
(64,	42,	2,	39,	19,	'2024-12-03 10:34:44'),
(65,	43,	1,	29,	20,	'2024-12-03 10:34:55'),
(66,	43,	2,	41,	20,	'2024-12-03 10:34:55'),
(67,	44,	1,	30,	21,	'2024-12-03 10:35:06'),
(68,	44,	2,	38,	21,	'2024-12-03 10:35:06'),
(69,	45,	1,	30,	1,	'2024-12-03 10:42:16'),
(70,	45,	2,	38,	1,	'2024-12-03 10:42:16'),
(71,	46,	1,	29,	2,	'2024-12-03 10:42:27'),
(72,	46,	2,	39,	2,	'2024-12-03 10:42:27'),
(73,	47,	1,	29,	3,	'2024-12-03 10:42:38'),
(74,	47,	2,	42,	3,	'2024-12-03 10:42:38'),
(75,	32,	1,	32,	4,	'2024-12-03 10:42:49'),
(76,	32,	2,	41,	4,	'2024-12-03 10:42:49'),
(77,	48,	1,	30,	5,	'2024-12-03 10:43:00'),
(78,	48,	2,	39,	5,	'2024-12-03 10:43:00'),
(79,	49,	1,	30,	6,	'2024-12-03 10:43:11'),
(80,	49,	2,	41,	6,	'2024-12-03 10:43:11'),
(81,	18,	1,	30,	7,	'2024-12-03 10:43:22'),
(82,	18,	2,	40,	7,	'2024-12-03 10:43:22'),
(83,	19,	1,	31,	8,	'2024-12-03 10:43:41'),
(84,	19,	2,	39,	8,	'2024-12-03 10:43:41'),
(85,	50,	1,	31,	9,	'2024-12-03 10:43:44'),
(86,	50,	2,	39,	9,	'2024-12-03 10:43:44'),
(87,	51,	1,	31,	10,	'2024-12-03 10:43:55'),
(88,	51,	2,	40,	10,	'2024-12-03 10:43:55'),
(89,	52,	1,	32,	11,	'2024-12-03 10:44:06'),
(90,	52,	2,	42,	11,	'2024-12-03 10:44:06'),
(91,	53,	1,	32,	12,	'2024-12-03 10:44:17'),
(92,	53,	2,	38,	12,	'2024-12-03 10:44:17'),
(93,	54,	1,	30,	13,	'2024-12-03 10:44:28'),
(94,	54,	2,	42,	13,	'2024-12-03 10:44:28'),
(95,	55,	1,	30,	14,	'2024-12-03 10:44:39'),
(96,	55,	2,	40,	14,	'2024-12-03 10:44:39'),
(97,	56,	1,	31,	15,	'2024-12-03 10:44:50'),
(98,	56,	2,	41,	15,	'2024-12-03 10:44:50'),
(99,	57,	1,	31,	16,	'2024-12-03 10:45:01'),
(100,	57,	2,	41,	16,	'2024-12-03 10:45:01'),
(101,	58,	1,	31,	17,	'2024-12-03 10:45:12'),
(102,	58,	2,	40,	17,	'2024-12-03 10:45:12'),
(103,	59,	1,	29,	18,	'2024-12-03 10:45:23'),
(104,	59,	2,	40,	18,	'2024-12-03 10:45:23'),
(105,	60,	1,	29,	19,	'2024-12-03 10:45:34'),
(106,	60,	2,	40,	19,	'2024-12-03 10:45:34'),
(107,	61,	1,	28,	20,	'2024-12-03 10:45:45'),
(108,	61,	2,	40,	20,	'2024-12-03 10:45:45'),
(109,	62,	1,	29,	21,	'2024-12-03 10:45:56'),
(110,	62,	2,	38,	21,	'2024-12-03 10:45:56'),
(111,	63,	1,	29,	22,	'2024-12-03 10:46:07'),
(112,	63,	2,	38,	22,	'2024-12-03 10:46:07'),
(113,	64,	1,	30,	23,	'2024-12-03 10:46:18'),
(114,	64,	2,	39,	23,	'2024-12-03 10:46:18'),
(115,	65,	1,	30,	24,	'2024-12-03 10:46:29'),
(116,	65,	2,	39,	24,	'2024-12-03 10:46:29'),
(117,	66,	1,	30,	25,	'2024-12-03 10:46:40'),
(118,	66,	2,	40,	25,	'2024-12-03 10:46:40'),
(119,	67,	1,	32,	26,	'2024-12-03 10:46:51'),
(120,	67,	2,	42,	26,	'2024-12-03 10:46:51'),
(121,	69,	1,	29,	30,	'2024-12-03 10:47:35'),
(122,	69,	2,	40,	30,	'2024-12-03 10:47:35'),
(123,	70,	1,	30,	31,	'2024-12-03 10:47:46'),
(124,	70,	2,	40,	31,	'2024-12-03 10:47:46'),
(125,	71,	1,	29,	32,	'2024-12-03 10:47:57'),
(126,	71,	2,	41,	32,	'2024-12-03 10:47:57'),
(127,	72,	1,	29,	33,	'2024-12-03 10:48:08'),
(128,	72,	2,	40,	33,	'2024-12-03 10:48:08'),
(129,	73,	1,	30,	34,	'2024-12-03 10:48:19'),
(130,	73,	2,	39,	34,	'2024-12-03 10:48:19'),
(131,	128,	1,	31,	97,	'2024-12-03 10:59:52'),
(132,	128,	2,	40,	97,	'2024-12-03 10:59:52'),
(133,	129,	1,	28,	98,	'2024-12-03 11:00:03'),
(134,	129,	2,	39,	98,	'2024-12-03 11:00:03'),
(135,	130,	1,	28,	99,	'2024-12-03 11:00:14'),
(136,	130,	2,	40,	99,	'2024-12-03 11:00:14'),
(137,	131,	1,	29,	100,	'2024-12-03 11:00:25'),
(138,	131,	2,	41,	100,	'2024-12-03 11:00:25'),
(139,	132,	1,	31,	101,	'2024-12-03 11:00:36'),
(140,	132,	2,	40,	101,	'2024-12-03 11:00:36'),
(141,	133,	1,	29,	102,	'2024-12-03 11:00:47'),
(142,	133,	2,	40,	102,	'2024-12-03 11:00:47'),
(143,	134,	1,	31,	103,	'2024-12-03 11:00:58'),
(144,	134,	2,	39,	103,	'2024-12-03 11:00:58'),
(145,	135,	1,	30,	104,	'2024-12-03 11:01:09'),
(146,	135,	2,	41,	104,	'2024-12-03 11:01:09'),
(147,	136,	1,	31,	105,	'2024-12-03 11:01:20'),
(148,	136,	2,	40,	105,	'2024-12-03 11:01:20'),
(149,	137,	1,	32,	106,	'2024-12-03 11:01:31'),
(150,	137,	2,	40,	106,	'2024-12-03 11:01:31'),
(151,	138,	1,	32,	107,	'2024-12-03 11:01:42'),
(152,	138,	2,	40,	107,	'2024-12-03 11:01:42'),
(153,	139,	1,	29,	108,	'2024-12-03 11:01:53'),
(154,	139,	2,	40,	108,	'2024-12-03 11:01:53'),
(155,	140,	1,	28,	109,	'2024-12-03 11:02:04'),
(156,	140,	2,	41,	109,	'2024-12-03 11:02:04'),
(157,	141,	1,	30,	110,	'2024-12-03 11:02:15'),
(158,	141,	2,	42,	110,	'2024-12-03 11:02:15'),
(159,	142,	1,	30,	111,	'2024-12-03 11:02:26'),
(160,	142,	2,	40,	111,	'2024-12-03 11:02:26'),
(161,	143,	1,	30,	112,	'2024-12-03 11:02:37'),
(162,	143,	2,	41,	112,	'2024-12-03 11:02:37'),
(163,	144,	1,	31,	113,	'2024-12-03 11:02:48'),
(164,	144,	2,	39,	113,	'2024-12-03 11:02:48'),
(165,	145,	1,	32,	114,	'2024-12-03 11:02:59'),
(166,	145,	2,	40,	114,	'2024-12-03 11:02:59'),
(167,	146,	1,	31,	115,	'2024-12-03 11:03:10'),
(168,	146,	2,	41,	115,	'2024-12-03 11:03:10'),
(169,	147,	1,	30,	116,	'2024-12-03 11:03:21'),
(170,	147,	2,	39,	116,	'2024-12-03 11:03:21'),
(171,	148,	1,	29,	117,	'2024-12-03 11:03:32'),
(172,	148,	2,	41,	117,	'2024-12-03 11:03:32'),
(173,	149,	1,	30,	118,	'2024-12-03 11:03:43'),
(174,	149,	2,	39,	118,	'2024-12-03 11:03:44'),
(175,	150,	1,	31,	119,	'2024-12-03 11:03:55'),
(176,	150,	2,	42,	119,	'2024-12-03 11:03:55'),
(177,	151,	1,	32,	1,	'2024-12-03 11:38:05'),
(178,	151,	2,	41,	1,	'2024-12-03 11:38:05'),
(179,	46,	1,	29,	2,	'2024-12-03 11:38:16'),
(180,	46,	2,	41,	2,	'2024-12-03 11:38:16'),
(181,	47,	1,	29,	3,	'2024-12-03 11:38:27'),
(182,	47,	2,	41,	3,	'2024-12-03 11:38:27'),
(183,	152,	1,	30,	4,	'2024-12-03 11:38:38'),
(184,	152,	2,	40,	4,	'2024-12-03 11:38:38'),
(185,	19,	1,	29,	8,	'2024-12-03 11:39:22'),
(186,	19,	2,	41,	8,	'2024-12-03 11:39:22'),
(187,	157,	1,	32,	11,	'2024-12-03 11:39:55'),
(188,	157,	2,	39,	11,	'2024-12-03 11:39:55'),
(189,	158,	1,	29,	12,	'2024-12-03 11:40:06'),
(190,	158,	2,	40,	12,	'2024-12-03 11:40:06'),
(191,	159,	1,	30,	13,	'2024-12-03 11:40:17'),
(192,	159,	2,	39,	13,	'2024-12-03 11:40:17'),
(193,	160,	1,	30,	14,	'2024-12-03 11:40:28'),
(194,	160,	2,	41,	14,	'2024-12-03 11:40:28'),
(195,	161,	1,	32,	15,	'2024-12-03 11:40:39'),
(196,	161,	2,	38,	15,	'2024-12-03 11:40:39'),
(197,	162,	1,	31,	16,	'2024-12-03 11:40:50'),
(198,	162,	2,	39,	16,	'2024-12-03 11:40:50'),
(199,	61,	1,	29,	20,	'2024-12-03 11:41:34'),
(200,	61,	2,	41,	20,	'2024-12-03 11:41:34'),
(201,	165,	1,	30,	21,	'2024-12-03 11:41:45'),
(202,	165,	2,	39,	21,	'2024-12-03 11:41:45'),
(203,	166,	1,	32,	22,	'2024-12-03 11:41:56'),
(204,	166,	2,	40,	22,	'2024-12-03 11:41:56'),
(205,	167,	1,	30,	23,	'2024-12-03 11:42:07'),
(206,	167,	2,	40,	23,	'2024-12-03 11:42:07'),
(207,	168,	1,	30,	24,	'2024-12-03 11:42:18'),
(208,	168,	2,	41,	24,	'2024-12-03 11:42:18'),
(209,	169,	1,	29,	25,	'2024-12-03 11:42:29'),
(210,	169,	2,	40,	25,	'2024-12-03 11:42:29'),
(211,	170,	1,	30,	26,	'2024-12-03 11:42:40'),
(212,	170,	2,	40,	26,	'2024-12-03 11:42:40'),
(213,	171,	1,	30,	27,	'2024-12-03 11:42:51'),
(214,	171,	2,	39,	27,	'2024-12-03 11:42:51'),
(215,	172,	1,	31,	29,	'2024-12-03 11:43:13'),
(216,	172,	2,	38,	29,	'2024-12-03 11:43:13'),
(217,	173,	1,	31,	30,	'2024-12-03 11:43:24'),
(218,	173,	2,	41,	30,	'2024-12-03 11:43:24'),
(219,	174,	1,	30,	31,	'2024-12-03 11:43:35'),
(220,	174,	2,	39,	31,	'2024-12-03 11:43:35'),
(221,	175,	1,	31,	32,	'2024-12-03 11:43:46'),
(222,	175,	2,	39,	32,	'2024-12-03 11:43:46'),
(223,	176,	1,	31,	33,	'2024-12-03 11:43:57'),
(224,	176,	2,	39,	33,	'2024-12-03 11:43:57'),
(225,	178,	1,	29,	35,	'2024-12-03 11:44:19'),
(226,	178,	2,	39,	35,	'2024-12-03 11:44:19'),
(227,	179,	1,	30,	36,	'2024-12-03 11:44:30'),
(228,	179,	2,	42,	36,	'2024-12-03 11:44:30'),
(229,	180,	1,	30,	37,	'2024-12-03 11:44:41'),
(230,	180,	2,	41,	37,	'2024-12-03 11:44:41'),
(231,	182,	1,	30,	39,	'2024-12-03 11:45:04'),
(232,	182,	2,	40,	39,	'2024-12-03 11:45:04'),
(233,	183,	1,	28,	40,	'2024-12-03 11:45:14'),
(234,	183,	2,	39,	40,	'2024-12-03 11:45:14'),
(235,	185,	1,	29,	42,	'2024-12-03 11:45:36'),
(236,	185,	2,	41,	42,	'2024-12-03 11:45:36'),
(237,	186,	1,	29,	43,	'2024-12-03 11:45:47'),
(238,	186,	2,	39,	43,	'2024-12-03 11:45:47'),
(239,	187,	1,	29,	44,	'2024-12-03 11:45:58'),
(240,	187,	2,	39,	44,	'2024-12-03 11:45:58'),
(241,	188,	1,	28,	45,	'2024-12-03 11:46:09'),
(242,	188,	2,	39,	45,	'2024-12-03 11:46:09'),
(243,	78,	1,	31,	46,	'2024-12-03 11:46:21'),
(244,	78,	2,	41,	46,	'2024-12-03 11:46:21'),
(245,	189,	1,	29,	47,	'2024-12-03 11:46:32'),
(246,	189,	2,	39,	47,	'2024-12-03 11:46:32'),
(247,	190,	1,	30,	48,	'2024-12-03 11:46:42'),
(248,	190,	2,	40,	48,	'2024-12-03 11:46:42'),
(249,	191,	1,	28,	49,	'2024-12-03 11:46:53'),
(250,	191,	2,	40,	49,	'2024-12-03 11:46:53'),
(251,	192,	1,	28,	50,	'2024-12-03 11:47:04'),
(252,	192,	2,	39,	50,	'2024-12-03 11:47:04'),
(253,	193,	1,	30,	51,	'2024-12-03 11:47:15'),
(254,	193,	2,	42,	51,	'2024-12-03 11:47:15'),
(255,	85,	1,	31,	53,	'2024-12-03 11:47:37'),
(256,	85,	2,	39,	53,	'2024-12-03 11:47:37'),
(257,	194,	1,	28,	54,	'2024-12-03 11:47:49'),
(258,	194,	2,	41,	54,	'2024-12-03 11:47:49'),
(259,	195,	1,	31,	55,	'2024-12-03 11:47:59'),
(260,	195,	2,	42,	55,	'2024-12-03 11:48:00'),
(261,	196,	1,	28,	56,	'2024-12-03 11:48:11'),
(262,	196,	2,	42,	56,	'2024-12-03 11:48:11'),
(263,	197,	1,	30,	57,	'2024-12-03 11:48:22'),
(264,	197,	2,	38,	57,	'2024-12-03 11:48:22'),
(265,	198,	1,	31,	58,	'2024-12-03 11:48:33'),
(266,	198,	2,	40,	58,	'2024-12-03 11:48:33'),
(267,	202,	1,	29,	64,	'2024-12-03 11:49:39'),
(268,	202,	2,	39,	64,	'2024-12-03 11:49:39'),
(269,	203,	1,	29,	65,	'2024-12-03 11:49:50'),
(270,	203,	2,	40,	65,	'2024-12-03 11:49:50'),
(271,	208,	1,	30,	77,	'2024-12-03 11:52:02'),
(272,	208,	2,	41,	77,	'2024-12-03 11:52:02'),
(273,	112,	1,	29,	81,	'2024-12-03 11:52:46'),
(274,	112,	2,	41,	81,	'2024-12-03 11:52:46'),
(275,	210,	1,	29,	82,	'2024-12-03 11:52:57'),
(276,	210,	2,	42,	82,	'2024-12-03 11:52:57'),
(277,	211,	1,	28,	83,	'2024-12-03 11:53:08'),
(278,	211,	2,	40,	83,	'2024-12-03 11:53:08'),
(279,	214,	1,	28,	91,	'2024-12-03 11:54:36'),
(280,	214,	2,	40,	91,	'2024-12-03 11:54:36'),
(281,	125,	1,	29,	94,	'2024-12-03 11:55:09'),
(282,	125,	2,	39,	94,	'2024-12-03 11:55:09'),
(283,	217,	1,	30,	95,	'2024-12-03 11:55:20'),
(284,	217,	2,	41,	95,	'2024-12-03 11:55:20'),
(285,	128,	1,	29,	97,	'2024-12-03 11:55:42'),
(286,	128,	2,	40,	97,	'2024-12-03 11:55:42'),
(287,	129,	1,	29,	98,	'2024-12-03 11:55:53'),
(288,	129,	2,	42,	98,	'2024-12-03 11:55:53'),
(289,	218,	1,	28,	99,	'2024-12-03 11:56:04'),
(290,	218,	2,	40,	99,	'2024-12-03 11:56:04'),
(291,	220,	1,	32,	101,	'2024-12-03 11:56:26'),
(292,	220,	2,	41,	101,	'2024-12-03 11:56:26'),
(293,	221,	1,	29,	102,	'2024-12-03 11:56:37'),
(294,	221,	2,	39,	102,	'2024-12-03 11:56:37'),
(295,	222,	1,	30,	103,	'2024-12-03 11:56:48'),
(296,	222,	2,	38,	103,	'2024-12-03 11:56:48'),
(297,	223,	1,	30,	104,	'2024-12-03 11:56:59'),
(298,	223,	2,	40,	104,	'2024-12-03 11:56:59'),
(299,	224,	1,	31,	105,	'2024-12-03 11:57:10'),
(300,	224,	2,	40,	105,	'2024-12-03 11:57:10'),
(301,	225,	1,	31,	106,	'2024-12-03 11:57:21'),
(302,	225,	2,	39,	106,	'2024-12-03 11:57:21'),
(303,	143,	1,	32,	112,	'2024-12-03 11:58:27'),
(304,	143,	2,	39,	112,	'2024-12-03 11:58:27'),
(305,	229,	1,	29,	114,	'2024-12-03 11:58:49'),
(306,	229,	2,	38,	114,	'2024-12-03 11:58:49'),
(307,	231,	1,	31,	117,	'2024-12-03 11:59:22'),
(308,	231,	2,	42,	117,	'2024-12-03 11:59:22'),
(309,	232,	1,	30,	119,	'2024-12-03 11:59:44'),
(310,	232,	2,	38,	119,	'2024-12-03 11:59:44'),
(311,	233,	1,	31,	121,	'2024-12-03 12:00:06'),
(312,	233,	2,	39,	121,	'2024-12-03 12:00:06'),
(313,	236,	1,	30,	130,	'2024-12-03 12:01:45'),
(314,	236,	2,	41,	130,	'2024-12-03 12:01:45'),
(315,	238,	1,	32,	133,	'2024-12-03 12:02:18'),
(316,	238,	2,	38,	133,	'2024-12-03 12:02:18'),
(317,	239,	1,	31,	134,	'2024-12-03 12:02:29'),
(318,	239,	2,	41,	134,	'2024-12-03 12:02:29'),
(319,	240,	1,	31,	135,	'2024-12-03 12:02:40'),
(320,	240,	2,	41,	135,	'2024-12-03 12:02:40'),
(321,	241,	1,	31,	136,	'2024-12-03 12:02:51'),
(322,	241,	2,	42,	136,	'2024-12-03 12:02:51'),
(323,	242,	1,	29,	137,	'2024-12-03 12:03:02'),
(324,	242,	2,	41,	137,	'2024-12-03 12:03:02'),
(325,	243,	1,	32,	138,	'2024-12-03 12:03:13'),
(326,	243,	2,	39,	138,	'2024-12-03 12:03:13'),
(327,	244,	1,	30,	139,	'2024-12-03 12:03:24'),
(328,	244,	2,	40,	139,	'2024-12-03 12:03:24'),
(329,	245,	1,	28,	140,	'2024-12-03 12:03:35'),
(330,	245,	2,	39,	140,	'2024-12-03 12:03:35'),
(331,	246,	1,	28,	141,	'2024-12-03 12:03:46'),
(332,	246,	2,	39,	141,	'2024-12-03 12:03:46'),
(333,	247,	1,	30,	142,	'2024-12-03 12:03:57'),
(334,	247,	2,	39,	142,	'2024-12-03 12:03:57'),
(335,	249,	1,	29,	144,	'2024-12-03 12:04:19'),
(336,	249,	2,	42,	144,	'2024-12-03 12:04:19'),
(337,	250,	1,	28,	145,	'2024-12-03 12:04:30'),
(338,	250,	2,	42,	145,	'2024-12-03 12:04:30'),
(339,	251,	1,	31,	146,	'2024-12-03 12:04:41'),
(340,	251,	2,	41,	146,	'2024-12-03 12:04:41'),
(341,	252,	1,	30,	147,	'2024-12-03 12:04:52'),
(342,	252,	2,	40,	147,	'2024-12-03 12:04:52'),
(343,	253,	1,	28,	148,	'2024-12-03 12:05:03'),
(344,	253,	2,	41,	148,	'2024-12-03 12:05:03'),
(345,	254,	1,	28,	149,	'2024-12-03 12:05:14'),
(346,	254,	2,	41,	149,	'2024-12-03 12:05:14'),
(347,	255,	1,	30,	150,	'2024-12-03 12:05:25'),
(348,	255,	2,	40,	150,	'2024-12-03 12:05:25'),
(349,	256,	1,	30,	151,	'2024-12-03 12:05:36'),
(350,	256,	2,	39,	151,	'2024-12-03 12:05:36'),
(351,	260,	1,	31,	159,	'2024-12-03 12:07:04'),
(352,	260,	2,	42,	159,	'2024-12-03 12:07:04'),
(353,	261,	1,	30,	161,	'2024-12-03 12:07:26'),
(354,	261,	2,	41,	161,	'2024-12-03 12:07:26'),
(355,	263,	1,	32,	168,	'2024-12-03 12:08:43'),
(356,	263,	2,	40,	168,	'2024-12-03 12:08:43'),
(357,	265,	1,	30,	172,	'2024-12-03 12:09:28'),
(358,	265,	2,	40,	172,	'2024-12-03 12:09:28'),
(359,	266,	1,	31,	174,	'2024-12-03 12:09:49'),
(360,	266,	2,	40,	174,	'2024-12-03 12:09:49'),
(361,	267,	1,	29,	175,	'2024-12-03 12:10:01'),
(362,	267,	2,	42,	175,	'2024-12-03 12:10:01'),
(363,	269,	1,	29,	178,	'2024-12-03 12:10:33'),
(364,	269,	2,	42,	178,	'2024-12-03 12:10:33'),
(365,	272,	1,	31,	186,	'2024-12-03 12:12:02'),
(366,	272,	2,	41,	186,	'2024-12-03 12:12:02'),
(367,	273,	1,	31,	195,	'2024-12-03 12:13:41'),
(368,	273,	2,	40,	195,	'2024-12-03 12:13:41'),
(369,	274,	1,	28,	196,	'2024-12-03 12:13:52'),
(370,	274,	2,	41,	196,	'2024-12-03 12:13:52'),
(371,	275,	1,	31,	197,	'2024-12-03 12:14:03'),
(372,	275,	2,	42,	197,	'2024-12-03 12:14:03'),
(373,	277,	1,	32,	201,	'2024-12-03 12:14:47'),
(374,	277,	2,	40,	201,	'2024-12-03 12:14:47'),
(375,	278,	1,	30,	208,	'2024-12-03 12:16:04'),
(376,	278,	2,	41,	208,	'2024-12-03 12:16:04'),
(377,	281,	1,	29,	211,	'2024-12-03 12:16:37'),
(378,	281,	2,	40,	211,	'2024-12-03 12:16:37'),
(379,	282,	1,	32,	212,	'2024-12-03 12:16:48'),
(380,	282,	2,	41,	212,	'2024-12-03 12:16:48'),
(381,	286,	1,	32,	227,	'2024-12-03 12:19:33'),
(382,	286,	2,	38,	227,	'2024-12-03 12:19:33'),
(383,	288,	1,	29,	232,	'2024-12-03 12:20:28'),
(384,	288,	2,	39,	232,	'2024-12-03 12:20:28'),
(385,	289,	1,	30,	233,	'2024-12-03 12:20:39'),
(386,	289,	2,	39,	233,	'2024-12-03 12:20:39'),
(387,	290,	1,	32,	234,	'2024-12-03 12:20:50'),
(388,	290,	2,	42,	234,	'2024-12-03 12:20:50'),
(389,	292,	1,	32,	239,	'2024-12-03 12:21:45'),
(390,	292,	2,	38,	239,	'2024-12-03 12:21:45'),
(391,	293,	1,	31,	240,	'2024-12-03 12:21:56'),
(392,	293,	2,	39,	240,	'2024-12-03 12:21:56'),
(393,	294,	1,	29,	241,	'2024-12-03 12:22:07'),
(394,	294,	2,	41,	241,	'2024-12-03 12:22:07'),
(395,	295,	1,	30,	243,	'2024-12-03 12:22:29'),
(396,	295,	2,	40,	243,	'2024-12-03 12:22:29'),
(397,	297,	1,	32,	245,	'2024-12-03 12:22:51'),
(398,	297,	2,	41,	245,	'2024-12-03 12:22:51'),
(399,	301,	1,	32,	251,	'2024-12-03 12:23:57'),
(400,	301,	2,	39,	251,	'2024-12-03 12:23:57'),
(401,	307,	1,	29,	271,	'2024-12-03 12:27:37'),
(402,	307,	2,	41,	271,	'2024-12-03 12:27:37'),
(403,	309,	1,	32,	279,	'2024-12-03 12:29:05'),
(404,	309,	2,	41,	279,	'2024-12-03 12:29:05'),
(405,	310,	1,	29,	281,	'2024-12-03 12:29:27'),
(406,	310,	2,	41,	281,	'2024-12-03 12:29:27'),
(407,	311,	1,	29,	282,	'2024-12-03 12:29:38'),
(408,	311,	2,	41,	282,	'2024-12-03 12:29:38'),
(409,	312,	1,	29,	285,	'2024-12-03 12:30:11'),
(410,	312,	2,	40,	285,	'2024-12-03 12:30:11'),
(411,	313,	1,	32,	286,	'2024-12-03 12:30:22'),
(412,	313,	2,	42,	286,	'2024-12-03 12:30:22'),
(413,	315,	1,	29,	289,	'2024-12-03 12:30:55'),
(414,	315,	2,	39,	289,	'2024-12-03 12:30:55'),
(415,	316,	1,	32,	291,	'2024-12-03 12:31:17'),
(416,	316,	2,	40,	291,	'2024-12-03 12:31:17'),
(417,	317,	1,	30,	294,	'2024-12-03 12:31:50'),
(418,	317,	2,	40,	294,	'2024-12-03 12:31:50'),
(419,	318,	1,	29,	295,	'2024-12-03 12:32:01'),
(420,	318,	2,	40,	295,	'2024-12-03 12:32:01'),
(421,	319,	1,	28,	296,	'2024-12-03 12:32:12'),
(422,	319,	2,	40,	296,	'2024-12-03 12:32:12'),
(423,	321,	1,	28,	302,	'2024-12-03 12:33:18'),
(424,	321,	2,	40,	302,	'2024-12-03 12:33:18'),
(425,	322,	1,	31,	303,	'2024-12-03 12:33:29'),
(426,	322,	2,	40,	303,	'2024-12-03 12:33:29'),
(427,	323,	1,	30,	304,	'2024-12-03 12:33:40'),
(428,	323,	2,	38,	304,	'2024-12-03 12:33:40'),
(429,	324,	1,	31,	305,	'2024-12-03 12:33:51'),
(430,	324,	2,	39,	305,	'2024-12-03 12:33:51'),
(431,	325,	1,	29,	306,	'2024-12-03 12:34:02'),
(432,	325,	2,	40,	306,	'2024-12-03 12:34:02'),
(433,	326,	1,	28,	307,	'2024-12-03 12:34:13'),
(434,	326,	2,	41,	307,	'2024-12-03 12:34:13'),
(435,	327,	1,	29,	308,	'2024-12-03 12:34:24'),
(436,	327,	2,	41,	308,	'2024-12-03 12:34:24'),
(437,	328,	1,	29,	309,	'2024-12-03 12:34:35'),
(438,	328,	2,	41,	309,	'2024-12-03 12:34:35'),
(439,	329,	1,	30,	310,	'2024-12-03 12:34:46'),
(440,	329,	2,	41,	310,	'2024-12-03 12:34:46'),
(441,	331,	1,	28,	312,	'2024-12-03 12:35:08'),
(442,	331,	2,	40,	312,	'2024-12-03 12:35:08'),
(443,	332,	1,	29,	313,	'2024-12-03 12:35:19'),
(444,	332,	2,	42,	313,	'2024-12-03 12:35:19'),
(445,	333,	1,	30,	314,	'2024-12-03 12:35:30'),
(446,	333,	2,	39,	314,	'2024-12-03 12:35:30'),
(447,	334,	1,	30,	315,	'2024-12-03 12:35:41'),
(448,	334,	2,	41,	315,	'2024-12-03 12:35:41'),
(449,	336,	1,	28,	317,	'2024-12-03 12:36:03'),
(450,	336,	2,	39,	317,	'2024-12-03 12:36:03'),
(451,	337,	1,	30,	319,	'2024-12-03 12:36:25'),
(452,	337,	2,	39,	319,	'2024-12-03 12:36:25'),
(453,	338,	1,	31,	322,	'2024-12-03 12:36:58'),
(454,	338,	2,	41,	322,	'2024-12-03 12:36:58'),
(455,	339,	1,	30,	323,	'2024-12-03 12:37:09'),
(456,	339,	2,	39,	323,	'2024-12-03 12:37:09'),
(457,	340,	1,	28,	324,	'2024-12-03 12:37:20'),
(458,	340,	2,	42,	324,	'2024-12-03 12:37:20'),
(459,	341,	1,	29,	325,	'2024-12-03 12:37:31'),
(460,	341,	2,	39,	325,	'2024-12-03 12:37:31'),
(461,	342,	1,	29,	327,	'2024-12-03 12:37:53'),
(462,	342,	2,	41,	327,	'2024-12-03 12:37:53'),
(463,	343,	1,	29,	328,	'2024-12-03 12:38:04'),
(464,	343,	2,	42,	328,	'2024-12-03 12:38:04'),
(465,	344,	1,	29,	330,	'2024-12-03 12:38:26'),
(466,	344,	2,	42,	330,	'2024-12-03 12:38:26'),
(467,	345,	1,	32,	331,	'2024-12-03 12:38:37'),
(468,	345,	2,	40,	331,	'2024-12-03 12:38:37'),
(469,	346,	1,	28,	335,	'2024-12-03 12:39:22'),
(470,	346,	2,	41,	335,	'2024-12-03 12:39:22'),
(471,	347,	1,	30,	337,	'2024-12-03 12:39:44'),
(472,	347,	2,	40,	337,	'2024-12-03 12:39:44'),
(473,	348,	1,	28,	338,	'2024-12-03 12:39:55'),
(474,	348,	2,	41,	338,	'2024-12-03 12:39:55'),
(475,	349,	1,	28,	339,	'2024-12-03 12:40:06'),
(476,	349,	2,	40,	339,	'2024-12-03 12:40:06'),
(477,	350,	1,	29,	340,	'2024-12-03 12:40:17'),
(478,	350,	2,	39,	340,	'2024-12-03 12:40:17'),
(479,	351,	1,	32,	341,	'2024-12-03 12:40:28'),
(480,	351,	2,	41,	341,	'2024-12-03 12:40:28'),
(481,	352,	1,	29,	342,	'2024-12-03 12:40:39'),
(482,	352,	2,	41,	342,	'2024-12-03 12:40:39'),
(483,	353,	1,	32,	343,	'2024-12-03 12:40:50'),
(484,	353,	2,	41,	343,	'2024-12-03 12:40:50'),
(485,	355,	1,	29,	345,	'2024-12-03 12:41:12'),
(486,	355,	2,	41,	345,	'2024-12-03 12:41:12'),
(487,	356,	1,	32,	346,	'2024-12-03 12:41:23'),
(488,	356,	2,	39,	346,	'2024-12-03 12:41:23'),
(489,	357,	1,	30,	347,	'2024-12-03 12:41:34'),
(490,	357,	2,	38,	347,	'2024-12-03 12:41:34'),
(491,	358,	1,	29,	351,	'2024-12-03 12:42:18'),
(492,	358,	2,	41,	351,	'2024-12-03 12:42:18'),
(493,	359,	1,	29,	352,	'2024-12-03 12:42:29'),
(494,	359,	2,	39,	352,	'2024-12-03 12:42:29'),
(495,	362,	1,	28,	357,	'2024-12-03 12:43:24'),
(496,	362,	2,	39,	357,	'2024-12-03 12:43:24'),
(497,	363,	1,	30,	358,	'2024-12-03 12:43:35'),
(498,	363,	2,	42,	358,	'2024-12-03 12:43:35'),
(499,	368,	1,	31,	363,	'2024-12-03 12:44:30'),
(500,	368,	2,	39,	363,	'2024-12-03 12:44:30'),
(501,	369,	1,	31,	364,	'2024-12-03 12:44:41'),
(502,	369,	2,	38,	364,	'2024-12-03 12:44:41'),
(503,	370,	1,	30,	367,	'2024-12-03 12:45:14'),
(504,	370,	2,	40,	367,	'2024-12-03 12:45:14'),
(505,	371,	1,	30,	370,	'2024-12-03 12:45:47'),
(506,	371,	2,	40,	370,	'2024-12-03 12:45:47'),
(507,	372,	1,	31,	371,	'2024-12-03 12:45:58'),
(508,	372,	2,	41,	371,	'2024-12-03 12:45:58'),
(509,	373,	1,	30,	372,	'2024-12-03 12:46:09'),
(510,	373,	2,	39,	372,	'2024-12-03 12:46:09'),
(511,	374,	1,	28,	373,	'2024-12-03 12:46:20'),
(512,	374,	2,	39,	373,	'2024-12-03 12:46:20'),
(513,	375,	1,	31,	374,	'2024-12-03 12:46:31'),
(514,	375,	2,	42,	374,	'2024-12-03 12:46:31'),
(515,	376,	1,	29,	375,	'2024-12-03 12:46:42'),
(516,	376,	2,	39,	375,	'2024-12-03 12:46:42'),
(517,	377,	1,	28,	377,	'2024-12-03 12:47:04'),
(518,	377,	2,	38,	377,	'2024-12-03 12:47:04'),
(519,	379,	1,	30,	380,	'2024-12-03 12:47:37'),
(520,	379,	2,	40,	380,	'2024-12-03 12:47:37'),
(521,	380,	1,	30,	381,	'2024-12-03 12:47:48'),
(522,	380,	2,	41,	381,	'2024-12-03 12:47:48'),
(523,	381,	1,	31,	384,	'2024-12-03 12:48:21'),
(524,	381,	2,	39,	384,	'2024-12-03 12:48:21'),
(525,	382,	1,	30,	385,	'2024-12-03 12:48:32'),
(526,	382,	2,	40,	385,	'2024-12-03 12:48:32'),
(527,	383,	1,	28,	386,	'2024-12-03 12:48:43'),
(528,	383,	2,	41,	386,	'2024-12-03 12:48:43'),
(529,	384,	1,	29,	387,	'2024-12-03 12:48:54'),
(530,	384,	2,	38,	387,	'2024-12-03 12:48:54'),
(531,	386,	1,	29,	391,	'2024-12-03 12:49:38'),
(532,	386,	2,	41,	391,	'2024-12-03 12:49:38'),
(533,	387,	1,	30,	392,	'2024-12-03 12:49:49'),
(534,	387,	2,	41,	392,	'2024-12-03 12:49:49'),
(535,	388,	1,	32,	393,	'2024-12-03 12:50:00'),
(536,	388,	2,	41,	393,	'2024-12-03 12:50:00'),
(537,	389,	1,	30,	394,	'2024-12-03 12:50:11'),
(538,	389,	2,	41,	394,	'2024-12-03 12:50:11'),
(539,	390,	1,	28,	395,	'2024-12-03 12:50:22'),
(540,	390,	2,	38,	395,	'2024-12-03 12:50:22'),
(541,	391,	1,	28,	396,	'2024-12-03 12:50:33'),
(542,	391,	2,	38,	396,	'2024-12-03 12:50:33'),
(543,	392,	1,	30,	398,	'2024-12-03 12:50:55'),
(544,	392,	2,	39,	398,	'2024-12-03 12:50:55'),
(545,	393,	1,	29,	399,	'2024-12-03 12:51:06'),
(546,	393,	2,	41,	399,	'2024-12-03 12:51:06'),
(547,	394,	1,	30,	400,	'2024-12-03 12:51:17'),
(548,	394,	2,	41,	400,	'2024-12-03 12:51:17'),
(549,	395,	1,	30,	401,	'2024-12-03 12:51:28'),
(550,	395,	2,	39,	401,	'2024-12-03 12:51:28'),
(551,	397,	1,	32,	403,	'2024-12-03 12:51:50'),
(552,	397,	2,	40,	403,	'2024-12-03 12:51:50'),
(553,	398,	1,	30,	404,	'2024-12-03 12:52:01'),
(554,	398,	2,	42,	404,	'2024-12-03 12:52:01'),
(555,	399,	1,	29,	405,	'2024-12-03 12:52:12'),
(556,	399,	2,	40,	405,	'2024-12-03 12:52:12'),
(557,	400,	1,	30,	406,	'2024-12-03 12:52:23'),
(558,	400,	2,	40,	406,	'2024-12-03 12:52:23'),
(559,	403,	1,	32,	410,	'2024-12-03 12:53:07'),
(560,	403,	2,	40,	410,	'2024-12-03 12:53:07'),
(561,	405,	1,	31,	412,	'2024-12-03 12:53:29'),
(562,	405,	2,	40,	412,	'2024-12-03 12:53:29'),
(563,	406,	1,	31,	413,	'2024-12-03 12:53:40'),
(564,	406,	2,	42,	413,	'2024-12-03 12:53:40'),
(565,	407,	1,	30,	415,	'2024-12-03 12:54:02'),
(566,	407,	2,	39,	415,	'2024-12-03 12:54:02'),
(567,	408,	1,	31,	416,	'2024-12-03 12:54:13'),
(568,	408,	2,	38,	416,	'2024-12-03 12:54:13'),
(569,	409,	1,	28,	417,	'2024-12-03 12:54:24'),
(570,	409,	2,	41,	417,	'2024-12-03 12:54:24'),
(571,	410,	1,	31,	418,	'2024-12-03 12:54:35'),
(572,	410,	2,	42,	418,	'2024-12-03 12:54:35'),
(573,	411,	1,	31,	419,	'2024-12-03 12:54:46'),
(574,	411,	2,	42,	419,	'2024-12-03 12:54:46'),
(575,	412,	1,	28,	420,	'2024-12-03 12:54:57'),
(576,	412,	2,	42,	420,	'2024-12-03 12:54:57'),
(577,	413,	1,	32,	421,	'2024-12-03 12:55:08'),
(578,	413,	2,	38,	421,	'2024-12-03 12:55:08'),
(579,	414,	1,	31,	422,	'2024-12-03 12:55:19'),
(580,	414,	2,	39,	422,	'2024-12-03 12:55:19'),
(581,	416,	1,	30,	424,	'2024-12-03 12:55:41'),
(582,	416,	2,	42,	424,	'2024-12-03 12:55:41'),
(583,	417,	1,	31,	425,	'2024-12-03 12:55:52'),
(584,	417,	2,	39,	425,	'2024-12-03 12:55:52'),
(585,	418,	1,	30,	426,	'2024-12-03 12:56:03'),
(586,	418,	2,	39,	426,	'2024-12-03 12:56:03'),
(587,	419,	1,	30,	427,	'2024-12-03 12:56:14'),
(588,	419,	2,	38,	427,	'2024-12-03 12:56:14'),
(589,	420,	1,	32,	428,	'2024-12-03 12:56:25'),
(590,	420,	2,	40,	428,	'2024-12-03 12:56:25'),
(591,	421,	1,	31,	429,	'2024-12-03 12:56:36'),
(592,	421,	2,	39,	429,	'2024-12-03 12:56:36'),
(593,	422,	1,	30,	430,	'2024-12-03 12:56:47'),
(594,	422,	2,	40,	430,	'2024-12-03 12:56:47'),
(595,	423,	1,	31,	431,	'2024-12-03 12:56:58'),
(596,	423,	2,	40,	431,	'2024-12-03 12:56:58'),
(597,	424,	1,	30,	432,	'2024-12-03 12:57:09'),
(598,	424,	2,	39,	432,	'2024-12-03 12:57:09'),
(599,	425,	1,	29,	433,	'2024-12-03 12:57:20'),
(600,	425,	2,	39,	433,	'2024-12-03 12:57:20'),
(601,	426,	1,	28,	435,	'2024-12-03 12:57:42'),
(602,	426,	2,	39,	435,	'2024-12-03 12:57:42'),
(603,	428,	1,	31,	437,	'2024-12-03 12:58:04'),
(604,	428,	2,	38,	437,	'2024-12-03 12:58:04'),
(605,	429,	1,	30,	438,	'2024-12-03 12:58:15'),
(606,	429,	2,	39,	438,	'2024-12-03 12:58:15'),
(607,	430,	1,	29,	439,	'2024-12-03 12:58:26'),
(608,	430,	2,	38,	439,	'2024-12-03 12:58:26'),
(609,	431,	1,	30,	440,	'2024-12-03 12:58:37'),
(610,	431,	2,	41,	440,	'2024-12-03 12:58:37'),
(611,	432,	1,	31,	441,	'2024-12-03 12:58:48'),
(612,	432,	2,	39,	441,	'2024-12-03 12:58:48'),
(613,	433,	1,	28,	442,	'2024-12-03 12:58:59'),
(614,	433,	2,	41,	442,	'2024-12-03 12:58:59'),
(615,	434,	1,	28,	443,	'2024-12-03 12:59:10'),
(616,	434,	2,	39,	443,	'2024-12-03 12:59:10'),
(617,	435,	1,	29,	445,	'2024-12-03 12:59:32'),
(618,	435,	2,	39,	445,	'2024-12-03 12:59:32'),
(619,	436,	1,	32,	446,	'2024-12-03 12:59:43'),
(620,	436,	2,	42,	446,	'2024-12-03 12:59:43'),
(621,	437,	1,	32,	448,	'2024-12-03 13:00:05'),
(622,	437,	2,	41,	448,	'2024-12-03 13:00:05'),
(623,	439,	1,	30,	451,	'2024-12-03 13:00:38'),
(624,	439,	2,	39,	451,	'2024-12-03 13:00:38'),
(625,	440,	1,	32,	452,	'2024-12-03 13:00:49'),
(626,	440,	2,	41,	452,	'2024-12-03 13:00:49'),
(627,	441,	1,	29,	453,	'2024-12-03 13:01:00'),
(628,	441,	2,	39,	453,	'2024-12-03 13:01:00'),
(629,	442,	1,	29,	454,	'2024-12-03 13:01:11'),
(630,	442,	2,	40,	454,	'2024-12-03 13:01:11'),
(631,	443,	1,	31,	455,	'2024-12-03 13:01:22'),
(632,	443,	2,	40,	455,	'2024-12-03 13:01:22'),
(633,	444,	1,	30,	457,	'2024-12-03 13:01:45'),
(634,	444,	2,	41,	457,	'2024-12-03 13:01:45'),
(635,	445,	1,	31,	458,	'2024-12-03 13:01:56'),
(636,	445,	2,	42,	458,	'2024-12-03 13:01:56'),
(637,	447,	1,	32,	460,	'2024-12-03 13:02:18'),
(638,	447,	2,	41,	460,	'2024-12-03 13:02:18'),
(639,	448,	1,	28,	461,	'2024-12-03 13:02:29'),
(640,	448,	2,	41,	461,	'2024-12-03 13:02:29'),
(641,	449,	1,	30,	462,	'2024-12-03 13:02:40'),
(642,	449,	2,	39,	462,	'2024-12-03 13:02:40'),
(643,	450,	1,	32,	463,	'2024-12-03 13:02:51'),
(644,	450,	2,	39,	463,	'2024-12-03 13:02:51'),
(645,	453,	1,	30,	468,	'2024-12-03 13:03:46'),
(646,	453,	2,	39,	468,	'2024-12-03 13:03:46'),
(647,	454,	1,	28,	469,	'2024-12-03 13:03:57'),
(648,	454,	2,	40,	469,	'2024-12-03 13:03:57'),
(649,	455,	1,	31,	470,	'2024-12-03 13:04:08'),
(650,	455,	2,	40,	470,	'2024-12-03 13:04:08'),
(651,	456,	1,	31,	471,	'2024-12-03 13:04:19'),
(652,	456,	2,	39,	471,	'2024-12-03 13:04:19'),
(653,	457,	1,	30,	472,	'2024-12-03 13:04:30'),
(654,	457,	2,	42,	472,	'2024-12-03 13:04:30'),
(655,	458,	1,	31,	473,	'2024-12-03 13:04:41'),
(656,	458,	2,	40,	473,	'2024-12-03 13:04:41'),
(657,	459,	1,	29,	474,	'2024-12-03 13:04:52'),
(658,	459,	2,	39,	474,	'2024-12-03 13:04:52'),
(659,	460,	1,	31,	475,	'2024-12-03 13:05:03'),
(660,	460,	2,	42,	475,	'2024-12-03 13:05:03'),
(661,	461,	1,	30,	476,	'2024-12-03 13:05:14'),
(662,	461,	2,	41,	476,	'2024-12-03 13:05:14'),
(663,	462,	1,	31,	477,	'2024-12-03 13:05:25'),
(664,	462,	2,	40,	477,	'2024-12-03 13:05:25'),
(665,	463,	1,	29,	485,	'2024-12-03 13:06:53'),
(666,	463,	2,	40,	485,	'2024-12-03 13:06:53'),
(667,	464,	1,	30,	486,	'2024-12-03 13:07:04'),
(668,	464,	2,	40,	486,	'2024-12-03 13:07:04'),
(669,	465,	1,	31,	487,	'2024-12-03 13:07:15'),
(670,	465,	2,	42,	487,	'2024-12-03 13:07:15'),
(671,	466,	1,	29,	488,	'2024-12-03 13:07:26'),
(672,	466,	2,	42,	488,	'2024-12-03 13:07:26'),
(673,	467,	1,	28,	489,	'2024-12-03 13:07:37'),
(674,	467,	2,	42,	489,	'2024-12-03 13:07:37'),
(675,	468,	1,	31,	490,	'2024-12-03 13:07:48'),
(676,	468,	2,	38,	490,	'2024-12-03 13:07:48'),
(677,	469,	1,	30,	491,	'2024-12-03 13:07:59'),
(678,	469,	2,	38,	491,	'2024-12-03 13:07:59'),
(679,	471,	1,	30,	494,	'2024-12-03 13:08:32'),
(680,	471,	2,	41,	494,	'2024-12-03 13:08:32'),
(681,	472,	1,	30,	495,	'2024-12-03 13:08:43'),
(682,	472,	2,	39,	495,	'2024-12-03 13:08:43'),
(683,	473,	1,	29,	496,	'2024-12-03 13:08:54'),
(684,	473,	2,	39,	496,	'2024-12-03 13:08:54'),
(685,	476,	1,	28,	499,	'2024-12-03 13:09:27'),
(686,	476,	2,	38,	499,	'2024-12-03 13:09:27'),
(687,	477,	1,	30,	500,	'2024-12-03 13:09:38'),
(688,	477,	2,	40,	500,	'2024-12-03 13:09:38'),
(689,	478,	1,	29,	502,	'2024-12-03 13:10:00'),
(690,	478,	2,	40,	502,	'2024-12-03 13:10:00'),
(691,	480,	1,	32,	504,	'2024-12-03 13:10:22'),
(692,	480,	2,	39,	504,	'2024-12-03 13:10:22'),
(693,	483,	1,	32,	508,	'2024-12-03 13:11:06'),
(694,	483,	2,	40,	508,	'2024-12-03 13:11:06'),
(695,	485,	1,	32,	512,	'2024-12-03 13:11:50'),
(696,	485,	2,	39,	512,	'2024-12-03 13:11:50'),
(697,	486,	1,	31,	513,	'2024-12-03 13:12:01'),
(698,	486,	2,	39,	513,	'2024-12-03 13:12:01'),
(699,	487,	1,	29,	514,	'2024-12-03 13:12:12'),
(700,	487,	2,	39,	514,	'2024-12-03 13:12:12'),
(701,	488,	1,	31,	517,	'2024-12-03 13:12:45'),
(702,	488,	2,	41,	517,	'2024-12-03 13:12:45'),
(703,	489,	1,	28,	518,	'2024-12-03 13:12:56'),
(704,	489,	2,	39,	518,	'2024-12-03 13:12:56'),
(705,	490,	1,	29,	519,	'2024-12-03 13:13:07'),
(706,	490,	2,	41,	519,	'2024-12-03 13:13:07'),
(707,	491,	1,	29,	520,	'2024-12-03 13:13:18'),
(708,	491,	2,	39,	520,	'2024-12-03 13:13:18'),
(709,	492,	1,	29,	521,	'2024-12-03 13:13:29'),
(710,	492,	2,	38,	521,	'2024-12-03 13:13:29'),
(711,	493,	1,	30,	522,	'2024-12-03 13:13:40'),
(712,	493,	2,	40,	522,	'2024-12-03 13:13:40'),
(713,	494,	1,	29,	525,	'2024-12-03 13:14:13'),
(714,	494,	2,	39,	525,	'2024-12-03 13:14:13'),
(715,	495,	1,	32,	526,	'2024-12-03 13:14:24'),
(716,	495,	2,	40,	526,	'2024-12-03 13:14:24'),
(717,	496,	1,	31,	527,	'2024-12-03 13:14:35'),
(718,	496,	2,	42,	527,	'2024-12-03 13:14:35'),
(719,	497,	1,	29,	528,	'2024-12-03 13:14:46'),
(720,	497,	2,	40,	528,	'2024-12-03 13:14:46'),
(721,	498,	1,	31,	529,	'2024-12-03 13:14:57'),
(722,	498,	2,	42,	529,	'2024-12-03 13:14:57'),
(723,	499,	1,	30,	530,	'2024-12-03 13:15:08'),
(724,	499,	2,	41,	530,	'2024-12-03 13:15:08'),
(725,	500,	1,	30,	531,	'2024-12-03 13:15:19'),
(726,	500,	2,	40,	531,	'2024-12-03 13:15:19'),
(727,	501,	1,	29,	532,	'2024-12-03 13:15:30'),
(728,	501,	2,	40,	532,	'2024-12-03 13:15:30'),
(729,	502,	1,	28,	533,	'2024-12-03 13:15:41'),
(730,	502,	2,	40,	533,	'2024-12-03 13:15:41'),
(731,	503,	1,	30,	534,	'2024-12-03 13:15:52'),
(732,	503,	2,	39,	534,	'2024-12-03 13:15:52'),
(733,	504,	1,	28,	535,	'2024-12-03 13:16:03'),
(734,	504,	2,	39,	535,	'2024-12-03 13:16:03'),
(735,	505,	1,	29,	536,	'2024-12-03 13:16:14'),
(736,	505,	2,	40,	536,	'2024-12-03 13:16:14'),
(737,	506,	1,	29,	537,	'2024-12-03 13:16:25'),
(738,	506,	2,	42,	537,	'2024-12-03 13:16:25'),
(739,	507,	1,	32,	538,	'2024-12-03 13:16:36'),
(740,	507,	2,	40,	538,	'2024-12-03 13:16:36'),
(741,	508,	1,	28,	539,	'2024-12-03 13:16:47'),
(742,	508,	2,	40,	539,	'2024-12-03 13:16:47'),
(743,	510,	1,	30,	541,	'2024-12-03 13:17:09'),
(744,	510,	2,	40,	541,	'2024-12-03 13:17:09'),
(745,	511,	1,	31,	543,	'2024-12-03 13:17:31'),
(746,	511,	2,	38,	543,	'2024-12-03 13:17:31'),
(747,	512,	1,	30,	545,	'2024-12-03 13:17:53'),
(748,	512,	2,	40,	545,	'2024-12-03 13:17:53'),
(749,	513,	1,	31,	546,	'2024-12-03 13:18:04'),
(750,	513,	2,	41,	546,	'2024-12-03 13:18:04'),
(751,	514,	1,	29,	548,	'2024-12-03 13:18:26'),
(752,	514,	2,	39,	548,	'2024-12-03 13:18:26'),
(753,	516,	1,	30,	554,	'2024-12-03 13:19:32'),
(754,	516,	2,	41,	554,	'2024-12-03 13:19:32'),
(755,	517,	1,	31,	555,	'2024-12-03 13:19:43'),
(756,	517,	2,	41,	555,	'2024-12-03 13:19:43'),
(757,	518,	1,	30,	556,	'2024-12-03 13:19:54'),
(758,	518,	2,	40,	556,	'2024-12-03 13:19:54'),
(759,	519,	1,	28,	557,	'2024-12-03 13:20:05'),
(760,	519,	2,	39,	557,	'2024-12-03 13:20:05'),
(761,	521,	1,	28,	559,	'2024-12-03 13:20:27'),
(762,	521,	2,	42,	559,	'2024-12-03 13:20:27'),
(763,	522,	1,	30,	560,	'2024-12-03 13:20:38'),
(764,	522,	2,	39,	560,	'2024-12-03 13:20:38'),
(765,	523,	1,	30,	561,	'2024-12-03 13:20:49'),
(766,	523,	2,	38,	561,	'2024-12-03 13:20:49'),
(767,	525,	1,	31,	563,	'2024-12-03 13:21:11'),
(768,	525,	2,	42,	563,	'2024-12-03 13:21:11'),
(769,	526,	1,	30,	564,	'2024-12-03 13:21:23'),
(770,	526,	2,	38,	564,	'2024-12-03 13:21:23'),
(771,	528,	1,	28,	568,	'2024-12-03 13:22:06'),
(772,	528,	2,	40,	568,	'2024-12-03 13:22:06'),
(773,	529,	1,	31,	569,	'2024-12-03 13:22:18'),
(774,	529,	2,	38,	569,	'2024-12-03 13:22:18'),
(775,	530,	1,	30,	571,	'2024-12-03 13:22:40'),
(776,	530,	2,	42,	571,	'2024-12-03 13:22:40'),
(777,	531,	1,	32,	572,	'2024-12-03 13:22:50'),
(778,	531,	2,	38,	572,	'2024-12-03 13:22:50'),
(779,	532,	1,	29,	573,	'2024-12-03 13:23:01'),
(780,	532,	2,	42,	573,	'2024-12-03 13:23:01'),
(781,	533,	1,	29,	574,	'2024-12-03 13:23:12'),
(782,	533,	2,	39,	574,	'2024-12-03 13:23:12'),
(783,	534,	1,	28,	575,	'2024-12-03 13:23:23'),
(784,	534,	2,	38,	575,	'2024-12-03 13:23:23'),
(785,	535,	1,	28,	576,	'2024-12-03 13:23:35'),
(786,	535,	2,	41,	576,	'2024-12-03 13:23:35'),
(787,	537,	1,	31,	578,	'2024-12-03 13:23:56'),
(788,	537,	2,	40,	578,	'2024-12-03 13:23:56'),
(789,	538,	1,	29,	579,	'2024-12-03 13:24:08'),
(790,	538,	2,	41,	579,	'2024-12-03 13:24:08'),
(791,	539,	1,	28,	580,	'2024-12-03 13:24:19'),
(792,	539,	2,	41,	580,	'2024-12-03 13:24:19'),
(793,	543,	1,	29,	586,	'2024-12-03 13:25:25'),
(794,	543,	2,	41,	586,	'2024-12-03 13:25:25'),
(795,	544,	1,	29,	590,	'2024-12-03 13:26:09'),
(796,	544,	2,	38,	590,	'2024-12-03 13:26:09'),
(797,	545,	1,	31,	591,	'2024-12-03 13:26:20'),
(798,	545,	2,	41,	591,	'2024-12-03 13:26:20'),
(799,	546,	1,	28,	593,	'2024-12-03 13:26:42'),
(800,	546,	2,	41,	593,	'2024-12-03 13:26:42'),
(801,	547,	1,	30,	594,	'2024-12-03 13:26:53'),
(802,	547,	2,	40,	594,	'2024-12-03 13:26:53'),
(803,	548,	1,	30,	595,	'2024-12-03 13:27:04'),
(804,	548,	2,	41,	595,	'2024-12-03 13:27:04'),
(805,	549,	1,	28,	598,	'2024-12-03 13:27:37'),
(806,	549,	2,	40,	598,	'2024-12-03 13:27:37'),
(807,	550,	1,	30,	599,	'2024-12-03 13:27:48'),
(808,	550,	2,	39,	599,	'2024-12-03 13:27:48'),
(809,	551,	1,	31,	600,	'2024-12-03 13:27:59'),
(810,	551,	2,	41,	600,	'2024-12-03 13:27:59'),
(811,	552,	1,	31,	601,	'2024-12-03 13:28:10'),
(812,	552,	2,	40,	601,	'2024-12-03 13:28:10'),
(813,	553,	1,	29,	602,	'2024-12-03 13:28:21'),
(814,	553,	2,	38,	602,	'2024-12-03 13:28:21'),
(815,	554,	1,	29,	603,	'2024-12-03 13:28:32'),
(816,	554,	2,	40,	603,	'2024-12-03 13:28:32'),
(817,	555,	1,	32,	605,	'2024-12-03 13:28:54'),
(818,	555,	2,	42,	605,	'2024-12-03 13:28:54'),
(819,	557,	1,	32,	608,	'2024-12-03 13:29:27'),
(820,	557,	2,	38,	608,	'2024-12-03 13:29:27'),
(821,	558,	1,	29,	609,	'2024-12-03 13:29:38'),
(822,	558,	2,	42,	609,	'2024-12-03 13:29:38'),
(823,	559,	1,	29,	610,	'2024-12-03 13:29:49'),
(824,	559,	2,	39,	610,	'2024-12-03 13:29:49'),
(825,	560,	1,	30,	611,	'2024-12-03 13:30:00'),
(826,	560,	2,	42,	611,	'2024-12-03 13:30:00'),
(827,	561,	1,	31,	612,	'2024-12-03 13:30:11'),
(828,	561,	2,	41,	612,	'2024-12-03 13:30:11'),
(829,	563,	1,	32,	614,	'2024-12-03 13:30:33'),
(830,	563,	2,	41,	614,	'2024-12-03 13:30:33'),
(831,	566,	1,	30,	618,	'2024-12-03 13:31:17'),
(832,	566,	2,	40,	618,	'2024-12-03 13:31:17'),
(833,	567,	1,	30,	619,	'2024-12-03 13:31:28'),
(834,	567,	2,	41,	619,	'2024-12-03 13:31:28'),
(835,	570,	1,	28,	624,	'2024-12-03 13:32:23'),
(836,	570,	2,	39,	624,	'2024-12-03 13:32:23'),
(837,	571,	1,	31,	625,	'2024-12-03 13:32:34'),
(838,	571,	2,	40,	625,	'2024-12-03 13:32:34'),
(839,	572,	1,	30,	628,	'2024-12-03 13:33:07'),
(840,	572,	2,	40,	628,	'2024-12-03 13:33:07'),
(841,	574,	1,	30,	631,	'2024-12-03 13:33:40'),
(842,	574,	2,	40,	631,	'2024-12-03 13:33:40'),
(843,	575,	1,	29,	632,	'2024-12-03 13:33:51'),
(844,	575,	2,	42,	632,	'2024-12-03 13:33:51'),
(845,	576,	1,	32,	633,	'2024-12-03 13:34:02'),
(846,	576,	2,	39,	633,	'2024-12-03 13:34:02'),
(847,	577,	1,	31,	634,	'2024-12-03 13:34:13'),
(848,	577,	2,	41,	634,	'2024-12-03 13:34:13'),
(849,	582,	1,	30,	644,	'2024-12-03 13:36:03'),
(850,	582,	2,	42,	644,	'2024-12-03 13:36:03'),
(851,	583,	1,	29,	645,	'2024-12-03 13:36:14'),
(852,	583,	2,	39,	645,	'2024-12-03 13:36:14'),
(853,	584,	1,	32,	646,	'2024-12-03 13:36:25'),
(854,	584,	2,	42,	646,	'2024-12-03 13:36:25'),
(855,	585,	1,	30,	647,	'2024-12-03 13:36:36'),
(856,	585,	2,	40,	647,	'2024-12-03 13:36:36'),
(857,	586,	1,	31,	648,	'2024-12-03 13:36:47'),
(858,	586,	2,	42,	648,	'2024-12-03 13:36:47'),
(859,	587,	1,	30,	650,	'2024-12-03 13:37:09'),
(860,	587,	2,	39,	650,	'2024-12-03 13:37:09'),
(861,	588,	1,	28,	651,	'2024-12-03 13:37:20'),
(862,	588,	2,	39,	651,	'2024-12-03 13:37:20'),
(863,	589,	1,	30,	653,	'2024-12-03 13:37:42'),
(864,	589,	2,	42,	653,	'2024-12-03 13:37:42'),
(865,	590,	1,	32,	654,	'2024-12-03 13:37:53'),
(866,	590,	2,	39,	654,	'2024-12-03 13:37:53'),
(867,	591,	1,	29,	655,	'2024-12-03 13:38:04'),
(868,	591,	2,	40,	655,	'2024-12-03 13:38:04'),
(869,	592,	1,	30,	656,	'2024-12-03 13:38:15'),
(870,	592,	2,	39,	656,	'2024-12-03 13:38:15'),
(871,	593,	1,	30,	657,	'2024-12-03 13:38:26'),
(872,	593,	2,	42,	657,	'2024-12-03 13:38:26'),
(873,	594,	1,	30,	658,	'2024-12-03 13:38:37'),
(874,	594,	2,	39,	658,	'2024-12-03 13:38:37'),
(875,	595,	1,	28,	659,	'2024-12-03 13:38:48'),
(876,	595,	2,	40,	659,	'2024-12-03 13:38:48'),
(877,	601,	1,	32,	672,	'2024-12-03 13:41:11'),
(878,	601,	2,	41,	672,	'2024-12-03 13:41:11'),
(879,	602,	1,	30,	673,	'2024-12-03 13:41:22'),
(880,	602,	2,	41,	673,	'2024-12-03 13:41:22'),
(881,	603,	1,	30,	676,	'2024-12-03 13:41:55'),
(882,	603,	2,	41,	676,	'2024-12-03 13:41:55'),
(883,	604,	1,	29,	677,	'2024-12-03 13:42:06'),
(884,	604,	2,	39,	677,	'2024-12-03 13:42:06'),
(885,	606,	1,	30,	679,	'2024-12-03 13:42:28'),
(886,	606,	2,	38,	679,	'2024-12-03 13:42:28'),
(887,	607,	1,	29,	680,	'2024-12-03 13:42:39'),
(888,	607,	2,	39,	680,	'2024-12-03 13:42:39'),
(889,	608,	1,	31,	681,	'2024-12-03 13:42:50'),
(890,	608,	2,	41,	681,	'2024-12-03 13:42:50'),
(891,	609,	1,	28,	682,	'2024-12-03 13:43:01'),
(892,	609,	2,	38,	682,	'2024-12-03 13:43:01'),
(893,	610,	1,	32,	683,	'2024-12-03 13:43:12'),
(894,	610,	2,	40,	683,	'2024-12-03 13:43:12'),
(895,	611,	1,	32,	687,	'2024-12-03 13:43:56'),
(896,	611,	2,	41,	687,	'2024-12-03 13:43:56'),
(897,	612,	1,	32,	688,	'2024-12-03 13:44:07'),
(898,	612,	2,	40,	688,	'2024-12-03 13:44:07'),
(899,	613,	1,	31,	689,	'2024-12-03 13:44:18'),
(900,	613,	2,	38,	689,	'2024-12-03 13:44:18'),
(901,	615,	1,	29,	691,	'2024-12-03 13:44:40'),
(902,	615,	2,	41,	691,	'2024-12-03 13:44:40'),
(903,	616,	1,	28,	692,	'2024-12-03 13:44:51'),
(904,	616,	2,	41,	692,	'2024-12-03 13:44:51'),
(905,	617,	1,	28,	693,	'2024-12-03 13:45:02'),
(906,	617,	2,	39,	693,	'2024-12-03 13:45:02'),
(907,	618,	1,	31,	694,	'2024-12-03 13:45:13'),
(908,	618,	2,	38,	694,	'2024-12-03 13:45:13'),
(909,	619,	1,	31,	695,	'2024-12-03 13:45:24'),
(910,	619,	2,	39,	695,	'2024-12-03 13:45:24'),
(911,	620,	1,	28,	696,	'2024-12-03 13:45:35'),
(912,	620,	2,	42,	696,	'2024-12-03 13:45:35'),
(913,	622,	1,	31,	698,	'2024-12-03 13:45:57'),
(914,	622,	2,	39,	698,	'2024-12-03 13:45:57'),
(915,	623,	1,	31,	699,	'2024-12-03 13:46:08'),
(916,	623,	2,	42,	699,	'2024-12-03 13:46:08'),
(917,	624,	1,	31,	700,	'2024-12-03 13:46:19'),
(918,	624,	2,	40,	700,	'2024-12-03 13:46:19'),
(919,	625,	1,	32,	701,	'2024-12-03 13:46:30'),
(920,	625,	2,	40,	701,	'2024-12-03 13:46:30'),
(921,	626,	1,	31,	702,	'2024-12-03 13:46:41'),
(922,	626,	2,	42,	702,	'2024-12-03 13:46:41'),
(923,	627,	1,	32,	703,	'2024-12-03 13:46:52'),
(924,	627,	2,	40,	703,	'2024-12-03 13:46:52'),
(925,	628,	1,	30,	704,	'2024-12-03 13:47:03'),
(926,	628,	2,	38,	704,	'2024-12-03 13:47:03'),
(927,	629,	1,	28,	705,	'2024-12-03 13:47:14'),
(928,	629,	2,	40,	705,	'2024-12-03 13:47:14'),
(929,	630,	1,	28,	706,	'2024-12-03 13:47:25'),
(930,	630,	2,	41,	706,	'2024-12-03 13:47:25'),
(931,	631,	1,	31,	707,	'2024-12-03 13:47:36'),
(932,	631,	2,	41,	707,	'2024-12-03 13:47:36'),
(933,	632,	1,	29,	709,	'2024-12-03 13:47:58'),
(934,	632,	2,	38,	709,	'2024-12-03 13:47:58'),
(935,	633,	1,	29,	710,	'2024-12-03 13:48:09'),
(936,	633,	2,	38,	710,	'2024-12-03 13:48:09'),
(937,	634,	1,	31,	711,	'2024-12-03 13:48:20'),
(938,	634,	2,	42,	711,	'2024-12-03 13:48:20'),
(939,	635,	1,	30,	712,	'2024-12-03 13:48:31'),
(940,	635,	2,	39,	712,	'2024-12-03 13:48:31'),
(941,	636,	1,	29,	714,	'2024-12-03 13:48:53'),
(942,	636,	2,	41,	714,	'2024-12-03 13:48:53'),
(943,	637,	1,	29,	715,	'2024-12-03 13:49:04'),
(944,	637,	2,	40,	715,	'2024-12-03 13:49:04'),
(945,	638,	1,	31,	716,	'2024-12-03 13:49:15'),
(946,	638,	2,	39,	716,	'2024-12-03 13:49:15'),
(947,	639,	1,	31,	717,	'2024-12-03 13:49:26'),
(948,	639,	2,	40,	717,	'2024-12-03 13:49:26'),
(949,	640,	1,	32,	718,	'2024-12-03 13:49:37'),
(950,	640,	2,	42,	718,	'2024-12-03 13:49:37'),
(951,	641,	1,	32,	720,	'2024-12-03 13:49:59'),
(952,	641,	2,	41,	720,	'2024-12-03 13:49:59'),
(953,	642,	1,	29,	723,	'2024-12-03 13:50:32'),
(954,	642,	2,	40,	723,	'2024-12-03 13:50:32'),
(955,	643,	1,	32,	724,	'2024-12-03 13:50:44'),
(956,	643,	2,	40,	724,	'2024-12-03 13:50:44'),
(957,	644,	1,	31,	725,	'2024-12-03 13:50:54'),
(958,	644,	2,	40,	725,	'2024-12-03 13:50:54'),
(959,	645,	1,	30,	726,	'2024-12-03 13:51:06'),
(960,	645,	2,	39,	726,	'2024-12-03 13:51:06'),
(961,	646,	1,	31,	727,	'2024-12-03 13:51:16'),
(962,	646,	2,	42,	727,	'2024-12-03 13:51:16');

-- 2024-12-11 11:10:14
